date,workload
2020-01-22,184.0
2020-01-23,524.0
2020-01-24,729.0
2020-01-25,1174.0
2020-01-26,1475.0
2020-01-27,2569.0
2020-01-28,3269.0
2020-01-29,3224.0
2020-01-30,3749.0
2020-01-31,4134.0
2020-02-01,4729.0
2020-02-02,5444.0
2020-02-03,6070.0
2020-02-04,12506.0
2020-02-05,7641.0
2020-02-06,6872.0
2020-02-07,6558.0
2020-02-08,6075.0
2020-02-09,5672.0
2020-02-10,5471.0
2020-02-11,4512.0
2020-02-12,3857.0
2020-02-13,3842.0
2020-02-14,18923.0
2020-02-15,3805.0
2020-02-16,19540.0
2020-02-17,4133.0
2020-02-18,3616.0
2020-02-19,4322.0
2020-02-20,1013.0
2020-02-21,2131.0
2020-02-22,2258.0
2020-02-23,2021.0
2020-02-24,1198.0
2020-02-25,1899.0
2020-02-26,2037.0
2020-02-27,2795.0
2020-02-28,3035.0
2020-02-29,4216.0
2020-03-01,5020.0
2020-03-02,4361.0
2020-03-03,4989.0
2020-03-04,5286.0
2020-03-05,5949.0
2020-03-06,8156.0
2020-03-07,10106.0
2020-03-08,10453.0
2020-03-09,10364.0
2020-03-10,12042.0
2020-03-11,14617.0
2020-03-12,17585.0
2020-03-13,20661.0
2020-03-14,26543.0
2020-03-15,33753.0
2020-03-16,34779.0
2020-03-17,36127.0
2020-03-18,50873.0
2020-03-19,92888.0
2020-03-20,83960.0
2020-03-21,94897.0
2020-03-22,96441.0
2020-03-23,116963.0
2020-03-24,117402.0
2020-03-25,137304.0
2020-03-26,175209.0
2020-03-27,172431.0
2020-03-28,189034.0
2020-03-29,161017.0
2020-03-30,183610.0
2020-03-31,211825.0
2020-04-01,222554.0
2020-04-02,246822.0
2020-04-03,251742.0
2020-04-04,260645.0
2020-04-05,231906.0
2020-04-06,225816.0
2020-04-07,247459.0
2020-04-08,280184.0
2020-04-09,259128.0
2020-04-10,281000.0
2020-04-11,242895.0
2020-04-12,281484.0
2020-04-13,202393.0
2020-04-14,244804.0
2020-04-15,258095.0
2020-04-16,273750.0
2020-04-17,254750.0
2020-04-18,242510.0
2020-04-19,232831.0
2020-04-20,256183.0
2020-04-21,233277.0
2020-04-22,250138.0
2020-04-23,284455.0
2020-04-24,274863.0
2020-04-25,252582.0
2020-04-26,177416.0
2020-04-27,228647.0
2020-04-28,254641.0
2020-04-29,248669.0
2020-04-30,243476.0
2020-05-01,301734.0
2020-05-02,256343.0
2020-05-03,235263.0
2020-05-04,242226.0
2020-05-05,259654.0
2020-05-06,280015.0
2020-05-07,288893.0
2020-05-08,275041.0
2020-05-09,245626.0
2020-05-10,220805.0
2020-05-11,226551.0
2020-05-12,273406.0
2020-05-13,286617.0
2020-05-14,304045.0
2020-05-15,289872.0
2020-05-16,258136.0
2020-05-17,243620.0
2020-05-18,282095.0
2020-05-19,281385.0
2020-05-20,315130.0
2020-05-21,314757.0
2020-05-22,306025.0
2020-05-23,299097.0
2020-05-24,268733.0
2020-05-25,270774.0
2020-05-26,321536.0
2020-05-27,341706.0
2020-05-28,355826.0
2020-05-29,373984.0
2020-05-30,309754.0
2020-05-31,304349.0
2020-06-01,288478.0
2020-06-02,346785.0
2020-06-03,360485.0
2020-06-04,393922.0
2020-06-05,385490.0
2020-06-06,358363.0
2020-06-07,326479.0
2020-06-08,324279.0
2020-06-09,417073.0
2020-06-10,356194.0
2020-06-11,477726.0
2020-06-12,367595.0
2020-06-13,363404.0
2020-06-14,369196.0
2020-06-15,383058.0
2020-06-16,481310.0
2020-06-17,448287.0
2020-06-18,451391.0
2020-06-19,525083.0
2020-06-20,390117.0
2020-06-21,515983.0
2020-06-22,432910.0
2020-06-23,421126.0
2020-06-24,607283.0
2020-06-25,520471.0
2020-06-26,602911.0
2020-06-27,492005.0
2020-06-28,496757.0
2020-06-29,492693.0
2020-06-30,512645.0
2020-07-01,509030.0
2020-07-02,577765.0
2020-07-03,640618.0
2020-07-04,547787.0
2020-07-05,521819.0
2020-07-06,580802.0
2020-07-07,665060.0
2020-07-08,708643.0
2020-07-09,682559.0
2020-07-10,619063.0
2020-07-11,667570.0
2020-07-12,644347.0
2020-07-13,696960.0
2020-07-14,669346.0
2020-07-15,792020.0
2020-07-16,817976.0
2020-07-17,729008.0
2020-07-18,755969.0
2020-07-19,674953.0
2020-07-20,644180.0
2020-07-21,769921.0
2020-07-22,1086491.0
2020-07-23,873807.0
2020-07-24,888843.0
2020-07-25,749087.0
2020-07-26,716098.0
2020-07-27,803003.0
2020-07-28,806551.0
2020-07-29,890214.0
2020-07-30,838661.0
2020-07-31,832885.0
2020-08-01,802354.0
2020-08-02,788684.0
2020-08-03,750524.0
2020-08-04,748311.0
2020-08-05,949540.0
2020-08-06,809657.0
2020-08-07,959009.0
2020-08-08,830462.0
2020-08-09,704541.0
2020-08-10,756442.0
2020-08-11,828982.0
2020-08-12,789943.0
2020-08-13,1094936.0
2020-08-14,856832.0
2020-08-15,831767.0
2020-08-16,606023.0
2020-08-17,708261.0
2020-08-18,770381.0
2020-08-19,882646.0
2020-08-20,882161.0
2020-08-21,692625.0
2020-08-22,863518.0
2020-08-23,551268.0
2020-08-24,753636.0
2020-08-25,856787.0
2020-08-26,858044.0
2020-08-27,893665.0
2020-08-28,791222.0
2020-08-29,813332.0
2020-08-30,734087.0
2020-08-31,805452.0
2020-09-01,802913.0
2020-09-02,888451.0
2020-09-03,911989.0
2020-09-04,856785.0
2020-09-05,890211.0
2020-09-06,727602.0
2020-09-07,707049.0
2020-09-08,696274.0
2020-09-09,950010.0
2020-09-10,1101566.0
2020-09-11,1014343.0
2020-09-12,848899.0
2020-09-13,812594.0
2020-09-14,898205.0
2020-09-15,966147.0
2020-09-16,1022313.0
2020-09-17,989550.0
2020-09-18,1001536.0
2020-09-19,857729.0
2020-09-20,838322.0
2020-09-21,883866.0
2020-09-22,963266.0
2020-09-23,1007408.0
2020-09-24,1027536.0
2020-09-25,924293.0
2020-09-26,889199.0
2020-09-27,708104.0
2020-09-28,906896.0
2020-09-29,958926.0
2020-09-30,1055699.0
2020-10-01,1000895.0
2020-10-02,995772.0
2020-10-03,815592.0
2020-10-04,836886.0
2020-10-05,955745.0
2020-10-06,1052060.0
2020-10-07,1089394.0
2020-10-08,1067193.0
2020-10-09,1048164.0
2020-10-10,948544.0
2020-10-11,970238.0
2020-10-12,912094.0
2020-10-13,1013636.0
2020-10-14,1191017.0
2020-10-15,1156981.0
2020-10-16,1149557.0
2020-10-17,959119.0
2020-10-18,1042522.0
2020-10-19,1068864.0
2020-10-20,1151470.0
2020-10-21,1166120.0
2020-10-22,858927.0
2020-10-23,1315400.0
2020-10-24,1195227.0
2020-10-25,1134774.0
2020-10-26,1236758.0
2020-10-27,1372745.0
2020-10-28,1456346.0
2020-10-29,1399570.0
2020-10-30,1578002.0
2020-10-31,1280784.0
2020-11-01,1194390.0
2020-11-02,1243006.0
2020-11-03,1401919.0
2020-11-04,1647364.0
2020-11-05,1935626.0
2020-11-06,1698599.0
2020-11-07,1341755.0
2020-11-08,1487485.0
2020-11-09,1502838.0
2020-11-10,1755186.0
2020-11-11,1605463.0
2020-11-12,2082451.0
2020-11-13,1750639.0
2020-11-14,1405119.0
2020-11-15,1529809.0
2020-11-16,1560926.0
2020-11-17,1871148.0
2020-11-18,1648230.0
2020-11-19,2259765.0
2020-11-20,1739636.0
2020-11-21,1609627.0
2020-11-22,1475371.0
2020-11-23,1574882.0
2020-11-24,1860362.0
2020-11-25,1714337.0
2020-11-26,1850113.0
2020-11-27,1699079.0
2020-11-28,1616110.0
2020-11-29,1441597.0
2020-11-30,1603167.0
2020-12-01,1866521.0
2020-12-02,1965803.0
2020-12-03,1993439.0
2020-12-04,1880463.0
2020-12-05,1934162.0
2020-12-06,1434673.0
2020-12-07,1994865.0
2020-12-08,1600667.0
2020-12-09,2296360.0
2020-12-10,1950184.0
2020-12-11,2896365.0
2020-12-12,2324473.0
2020-12-13,1305997.0
2020-12-14,2078282.0
2020-12-15,1316142.0
2020-12-16,2150062.0
2020-12-17,1969599.0
2020-12-18,2254689.0
2020-12-19,1736642.0
2020-12-20,1822367.0
2020-12-21,1718277.0
2020-12-22,1962135.0
2020-12-23,2231421.0
2020-12-24,1696468.0
2020-12-25,1520689.0
2020-12-26,1482815.0
2020-12-27,1359105.0
2020-12-28,1866950.0
2020-12-29,2063401.0
2020-12-30,2346634.0
2020-12-31,2004648.0
2021-01-01,1773456.0
2021-01-02,1755920.0
2021-01-03,1685619.0
2021-01-04,1894102.0
2021-01-05,2044128.0
2021-01-06,2732990.0
2021-01-07,2064917.0
2021-01-08,2867418.0
2021-01-09,2114994.0
2021-01-10,1947310.0
2021-01-11,1955657.0
2021-01-12,2127639.0
2021-01-13,2270072.0
2021-01-14,1948123.0
2021-01-15,2398221.0
2021-01-16,2150904.0
2021-01-17,1562527.0
2021-01-18,1606518.0
2021-01-19,1803879.0
2021-01-20,1977054.0
2021-01-21,2228717.0
2021-01-22,1750127.0
2021-01-23,1561499.0
2021-01-24,1423587.0
2021-01-25,1616970.0
2021-01-26,1491848.0
2021-01-27,1971811.0
2021-01-28,1633655.0
2021-01-29,1701502.0
2021-01-30,1380368.0
2021-01-31,1236784.0
2021-02-01,1091402.0
2021-02-02,1552532.0
2021-02-03,1483043.0
2021-02-04,1504804.0
2021-02-05,1369220.0
2021-02-06,1104792.0
2021-02-07,1042713.0
2021-02-08,916729.0
2021-02-09,1300486.0
2021-02-10,1152778.0
2021-02-11,1370032.0
2021-02-12,1178405.0
2021-02-13,962976.0
2021-02-14,821701.0
2021-02-15,737906.0
2021-02-16,1229283.0
2021-02-17,1165994.0
2021-02-18,1041129.0
2021-02-19,1073303.0
2021-02-20,1012649.0
2021-02-21,707642.0
2021-02-22,1152708.0
2021-02-23,1163462.0
2021-02-24,1077041.0
2021-02-25,1218715.0
2021-02-26,1319852.0
2021-02-27,1107180.0
2021-02-28,884847.0
2021-03-01,957072.0
2021-03-02,990686.0
2021-03-03,1236577.0
2021-03-04,1077459.0
2021-03-05,1119659.0
2021-03-06,1095257.0
2021-03-07,1086494.0
2021-03-08,941595.0
2021-03-09,1080725.0
2021-03-10,1145122.0
2021-03-11,1601187.0
2021-03-12,1269891.0
2021-03-13,1147658.0
2021-03-14,708186.0
2021-03-15,1318451.0
2021-03-16,1320515.0
2021-03-17,1512921.0
2021-03-18,1244768.0
2021-03-19,1467655.0
2021-03-20,1360810.0
2021-03-21,1308317.0
2021-03-22,1218897.0
2021-03-23,1008638.0
2021-03-24,1000087.0
2021-03-25,1509618.0
2021-03-26,116659.0
2021-03-27,105793.0
2021-03-28,121204.0
2021-03-29,106842.0
2021-03-30,1377393.0
2021-03-31,2631747.0
2021-04-01,1923919.0
2021-04-02,1489204.0
2021-04-03,1335799.0
2021-04-04,1478458.0
2021-04-05,1413786.0
2021-04-06,1568161.0
2021-04-07,2142778.0
2021-04-08,2572481.0
2021-04-09,2414407.0
2021-04-10,2072474.0
2021-04-11,1780979.0
2021-04-12,1931504.0
2021-04-13,2515123.0
2021-04-14,2127595.0
2021-04-15,2634774.0
2021-04-16,2793427.0
2021-04-17,2235721.0
2021-04-18,2131605.0
2021-04-19,2438416.0
2021-04-20,2313200.0
2021-04-21,2889191.0
2021-04-22,2684949.0
2021-04-23,3026310.0
2021-04-24,2440176.0
2021-04-25,2285897.0
2021-04-26,2590430.0
2021-04-27,2761536.0
2021-04-28,2892568.0
2021-04-29,2868684.0
2021-04-30,2580239.0
2021-05-01,2423621.0
2021-05-02,2269244.0
2021-05-03,2667280.0
2021-05-04,2483205.0
2021-05-05,3033192.0
2021-05-06,2872916.0
2021-05-07,2556664.0
2021-05-08,2278779.0
2021-05-09,2292732.0
2021-05-10,2314220.0
2021-05-11,2191807.0
2021-05-12,2461609.0
2021-05-13,1998656.0
2021-05-14,2160152.0
2021-05-15,2579356.0
2021-05-16,1729566.0
2021-05-17,1969440.0
2021-05-18,2095286.0
2021-05-19,2036728.0
2021-05-20,2122841.0
2021-05-21,1641095.0
2021-05-22,1805146.0
2021-05-23,1415884.0
2021-05-24,1243312.0
2021-05-25,1667785.0
2021-05-26,1765694.0
2021-05-27,1605858.0
2021-05-28,1573652.0
2021-05-29,1408530.0
2021-05-30,1231622.0
2021-05-31,1270358.0
2021-06-01,1405293.0
2021-06-02,1434923.0
2021-06-03,1428243.0
2021-06-04,1352483.0
2021-06-05,950692.0
2021-06-06,981151.0
2021-06-07,981056.0
2021-06-08,1200656.0
2021-06-09,1181087.0
2021-06-10,1254319.0
2021-06-11,1181893.0
2021-06-12,975727.0
2021-06-13,942693.0
2021-06-14,997040.0
2021-06-15,1027504.0
2021-06-16,1055061.0
2021-06-17,1254257.0
2021-06-18,1145525.0
2021-06-19,963820.0
2021-06-20,793462.0
2021-06-21,840436.0
2021-06-22,1271261.0
2021-06-23,1129121.0
2021-06-24,1162361.0
2021-06-25,1050800.0
2021-06-26,1037862.0
2021-06-27,851504.0
2021-06-28,982778.0
2021-06-29,1057157.0
2021-06-30,1124871.0
2021-07-01,1214400.0
2021-07-02,1076794.0
2021-07-03,987968.0
2021-07-04,928378.0
2021-07-05,1037045.0
2021-07-06,1356392.0
2021-07-07,1067217.0
2021-07-08,1402619.0
2021-07-09,1165551.0
2021-07-10,1199434.0
2021-07-11,789008.0
2021-07-12,1366121.0
2021-07-13,378810.0
2021-07-14,1194497.0
2021-07-15,1807744.0
2021-07-16,1373260.0
2021-07-17,1268410.0
2021-07-18,1008619.0
2021-07-19,1509969.0
2021-07-20,1327894.0
2021-07-21,1422861.0
2021-07-22,2026486.0
2021-07-23,1106440.0
2021-07-24,1617987.0
2021-07-25,1190717.0
2021-07-26,1463609.0
2021-07-27,1454320.0
2021-07-28,1623140.0
2021-07-29,2353515.0
2021-07-30,1605388.0
2021-07-31,1386747.0
2021-08-01,1360326.0
2021-08-02,1614661.0
2021-08-03,1928280.0
2021-08-04,1804184.0
2021-08-05,2028653.0
2021-08-06,1511856.0
2021-08-07,1390175.0
2021-08-08,1479638.0
2021-08-09,1744410.0
2021-08-10,2049496.0
2021-08-11,1737867.0
2021-08-12,2092499.0
2021-08-13,1597498.0
2021-08-14,1297188.0
2021-08-15,1410365.0
2021-08-16,1757630.0
2021-08-17,2007494.0
2021-08-18,1882080.0
2021-08-19,1866584.0
2021-08-20,1881816.0
2021-08-21,1326631.0
2021-08-22,1522303.0
2021-08-23,1473901.0
2021-08-24,2127362.0
2021-08-25,2047733.0
2021-08-26,2057823.0
2021-08-27,1677471.0
2021-08-28,1530259.0
2021-08-29,1355213.0
2021-08-30,1935124.0
2021-08-31,2082854.0
2021-09-01,1993059.0
2021-09-02,2000583.0
2021-09-03,1658916.0
2021-09-04,1045719.0
2021-09-05,1417893.0
2021-09-06,1675925.0
2021-09-07,2126209.0
2021-09-08,1757260.0
2021-09-09,1800653.0
2021-09-10,1191950.0
2021-09-11,1209421.0
2021-09-12,1497826.0
2021-09-13,1656868.0
2021-09-14,1491496.0
2021-09-15,1850684.0
2021-09-16,1926545.0
2021-09-17,1423894.0
2021-09-18,1274459.0
2021-09-19,1110966.0
2021-09-20,1518252.0
2021-09-21,1423194.0
2021-09-22,1676781.0
2021-09-23,1478419.0
2021-09-24,1128999.0
2021-09-25,1105178.0
2021-09-26,1153723.0
2021-09-27,1268158.0
2021-09-28,1396466.0
2021-09-29,1517709.0
2021-09-30,1319930.0
2021-10-01,5068022.0
2021-10-02,874155.0
2021-10-03,461515.0
2021-10-04,699088.0
2021-10-05,763723.0
2021-10-06,1177537.0
2021-10-07,1477981.0
2021-10-08,1125501.0
2021-10-09,1052349.0
2021-10-10,681611.0
2021-10-11,568781.0
2021-10-12,1618682.0
2021-10-13,1520953.0
2021-10-14,765958.0
2021-10-15,1184966.0
2021-10-16,716867.0
2021-10-17,483725.0
2021-10-18,1007847.0
2021-10-19,1244189.0
2021-10-20,737955.0
2021-10-21,1354075.0
2021-10-22,1263335.0
2021-10-23,1196063.0
2021-10-24,960056.0
2021-10-25,699787.0
2021-10-26,1252130.0
2021-10-27,1350368.0
2021-10-28,1450216.0
2021-10-29,1314989.0
2021-10-30,1280873.0
2021-10-31,1031639.0
2021-11-01,706781.0
2021-11-02,1315310.0
2021-11-03,1354830.0
2021-11-04,2312183.0
2021-11-05,1042267.0
2021-11-06,596710.0
2021-11-07,1163465.0
2021-11-08,1216513.0
2021-11-09,1549764.0
2021-11-10,1528421.0
2021-11-11,1655030.0
2021-11-12,1804695.0
2021-11-13,744005.0
2021-11-14,759153.0
2021-11-15,1611042.0
2021-11-16,2092333.0
2021-11-17,951726.0
2021-11-18,1133413.0
2021-11-19,1238257.0
2021-11-20,1112447.0
2021-11-21,1429113.0
2021-11-22,1522111.0
2021-11-23,2196845.0
2021-11-24,2017664.0
2021-11-25,1576820.0
2021-11-26,1842773.0
2021-11-27,1746691.0
2021-11-28,1354066.0
2021-11-29,1614114.0
2021-11-30,2184421.0
2021-12-01,2197339.0
2021-12-02,2320480.0
2021-12-03,1827298.0
2021-12-04,1943173.0
2021-12-05,1636271.0
2021-12-06,1748706.0
2021-12-07,2028003.0
2021-12-08,2275993.0
2021-12-09,2278905.0
2021-12-10,2091868.0
2021-12-11,1754855.0
2021-12-12,1399238.0
2021-12-13,1105282.0
2021-12-14,2692361.0
2021-12-15,2851900.0
2021-12-16,1409423.0
2021-12-17,2003435.0
2021-12-18,990251.0
2021-12-19,1949282.0
2021-12-20,1342407.0
2021-12-21,2183748.0
2021-12-22,1598421.0
2021-12-23,4278384.0
2021-12-24,2405909.0
2021-12-25,2567517.0
2021-12-26,2088589.0
2021-12-27,2306661.0
2021-12-28,4840364.0
2021-12-29,5602852.0
2021-12-30,3078129.0
2021-12-31,3606860.0
2022-01-01,1967041.0
2022-01-02,5293468.0
2022-01-03,5705857.0
2022-01-04,6589174.0
2022-01-05,8320632.0
2022-01-06,8270116.0
2022-01-07,7485458.0
2022-01-08,7384582.0
2022-01-09,9481275.0
2022-01-10,5252965.0
2022-01-11,11444672.0
2022-01-12,10624957.0
2022-01-13,8534970.0
2022-01-14,3991287.0
2022-01-15,6589923.0
2022-01-16,4158542.0
2022-01-17,9252033.0
2022-01-18,11017657.0
2022-01-19,10788100.0
2022-01-20,19187923.0
2022-01-21,7297245.0
2022-01-22,6171119.0
2022-01-23,4682698.0
2022-01-24,9249361.0
2022-01-25,6667134.0
2022-01-26,11067084.0
2022-01-27,5745859.0
2022-01-28,10806420.0
2022-01-29,10031381.0
2022-01-30,5311060.0
2022-01-31,6965189.0
2022-02-01,5261732.0
2022-02-02,9789840.0
2022-02-03,15088741.0
2022-02-04,6601872.0
2022-02-05,5431387.0
2022-02-06,3504679.0
2022-02-07,7039449.0
2022-02-08,9421684.0
2022-02-09,5604851.0
2022-02-10,3620800.0
2022-02-11,7355625.0
2022-02-12,6236016.0
2022-02-13,4690436.0
2022-02-14,4998049.0
2022-02-15,5510393.0
2022-02-16,9708044.0
2022-02-17,4878700.0
2022-02-18,2529168.0
2022-02-19,4051661.0
2022-02-20,10977202.0
2022-02-21,4124134.0
2022-02-22,2585327.0
2022-02-23,5535759.0
2022-02-24,5577994.0
2022-02-25,4657829.0
2022-02-26,5737656.0
2022-02-27,2998115.0
2022-02-28,1580008.0
2022-03-01,3819030.0
2022-03-02,5224776.0
2022-03-03,3840514.0
2022-03-04,2391371.0
2022-03-05,9254267.0
2022-03-06,2475365.0
2022-03-07,1954380.0
2022-03-08,4871018.0
2022-03-09,2766886.0
2022-03-10,2697334.0
2022-03-11,5389304.0
2022-03-12,7341713.0
2022-03-13,3691525.0
2022-03-14,3621998.0
2022-03-15,2337632.0
2022-03-16,5488965.0
2022-03-17,7123949.0
2022-03-18,5697329.0
2022-03-19,5064156.0
2022-03-20,4476606.0
2022-03-21,4000122.0
2022-03-22,4708515.0
2022-03-23,2732694.0
2022-03-24,5175637.0
2022-03-25,4839019.0
2022-03-26,1915514.0
2022-03-27,2780497.0
2022-03-28,2254340.0
2022-03-29,5116859.0
2022-03-30,7457100.0
2022-03-31,7422488.0
2022-04-01,3757477.0
2022-04-02,3278369.0
2022-04-03,2378281.0
2022-04-04,4242023.0
2022-04-05,3813480.0
2022-04-06,4301156.0
2022-04-07,3611129.0
2022-04-08,2454117.0
2022-04-09,1135840.0
2022-04-10,2215351.0
2022-04-11,2417579.0
2022-04-12,4698172.0
2022-04-13,3056426.0
2022-04-14,2312784.0
2022-04-15,949383.0
2022-04-16,1729357.0
2022-04-17,1557480.0
2022-04-18,848876.0
2022-04-19,2059101.0
2022-04-20,1359599.0
2022-04-21,3155087.0
2022-04-22,1349389.0
2022-04-23,777537.0
2022-04-24,1361177.0
2022-04-25,1062200.0
2022-04-26,3368651.0
2022-04-27,2289163.0
2022-04-28,1117792.0
2022-04-29,1584681.0
2022-04-30,643860.0
2022-05-01,1233081.0
2022-05-02,1731138.0
2022-05-03,952268.0
2022-05-04,1998120.0
2022-05-05,1892695.0
2022-05-06,901122.0
2022-05-07,1618305.0
2022-05-08,892099.0
2022-05-09,1152084.0
2022-05-10,1492403.0
2022-05-11,3025177.0
2022-05-12,2143588.0
2022-05-13,1918461.0
2022-05-14,1369535.0
2022-05-15,605457.0
2022-05-16,1482623.0
2022-05-17,1905589.0
2022-05-18,2071843.0
2022-05-19,2026770.0
2022-05-20,1924539.0
2022-05-21,2207423.0
2022-05-22,1047517.0
2022-05-23,2098982.0
2022-05-24,1815518.0
2022-05-25,1042057.0
2022-05-26,1460894.0
2022-05-27,1744688.0
2022-05-28,874668.0
2022-05-29,555224.0
2022-05-30,1388790.0
2022-05-31,831377.0
2022-06-01,1216887.0
2022-06-02,727842.0
2022-06-03,1410368.0
2022-06-04,1550735.0
2022-06-05,527769.0
2022-06-06,1233336.0
2022-06-07,1377805.0
2022-06-08,997550.0
2022-06-09,1878003.0
2022-06-10,1753795.0
2022-06-11,1398861.0
2022-06-12,646011.0
2022-06-13,1502550.0
2022-06-14,1035250.0
2022-06-15,2018847.0
2022-06-16,2184241.0
2022-06-17,1864775.0
2022-06-18,653313.0
2022-06-19,1310272.0
2022-06-20,1390836.0
2022-06-21,1130822.0
2022-06-22,2438710.0
2022-06-23,1200256.0
2022-06-24,2444394.0
2022-06-25,833848.0
2022-06-26,2034720.0
2022-06-27,1846161.0
2022-06-28,1273837.0
2022-06-29,2400595.0
2022-06-30,1443917.0
2022-07-01,3154276.0
2022-07-02,3398916.0
2022-07-03,958361.0
2022-07-04,2059319.0
2022-07-05,2404068.0
2022-07-06,1675762.0
2022-07-07,3655295.0
2022-07-08,4673289.0
2022-07-09,2689559.0
2022-07-10,1162201.0
2022-07-11,2792929.0
2022-07-12,1482893.0
2022-07-13,4051059.0
2022-07-14,5373902.0
2022-07-15,1460859.0
2022-07-16,2434933.0
2022-07-17,1106423.0
2022-07-18,2608015.0
2022-07-19,4272859.0
2022-07-20,4238357.0
2022-07-21,3389016.0
2022-07-22,1514562.0
2022-07-23,3009805.0
2022-07-24,4321062.0
2022-07-25,2353250.0
2022-07-26,2930878.0
2022-07-27,1732231.0
2022-07-28,2893998.0
2022-07-29,2896092.0
2022-07-30,2503732.0
2022-07-31,854344.0
2022-08-01,2419673.0
2022-08-02,2253572.0
2022-08-03,3445915.0
2022-08-04,2945062.0
2022-08-05,2813187.0
2022-08-06,901135.0
2022-08-07,2236539.0
2022-08-08,3289138.0
2022-08-09,1926846.0
2022-08-10,1350798.0
2022-08-11,970468.0
2022-08-12,1044050.0
2022-08-13,735702.0
2022-08-14,2074052.0
2022-08-15,1451201.0
2022-08-16,1717103.0
2022-08-17,1145147.0
2022-08-18,2938582.0
2022-08-19,867327.0
2022-08-20,1735990.0
2022-08-21,1401893.0
2022-08-22,968582.0
2022-08-23,2176792.0
2022-08-24,1756104.0
2022-08-25,838986.0
2022-08-26,3252136.0
2022-08-27,1621343.0
2022-08-28,701257.0
2022-08-29,1324542.0
2022-08-30,917686.0
2022-08-31,791453.0
2022-09-01,2140864.0
2022-09-02,2655689.0
2022-09-03,637681.0
2022-09-04,593473.0
2022-09-05,713720.0
2022-09-06,1764276.0
2022-09-07,837922.0
2022-09-08,1354433.0
2022-09-09,2186675.0
2022-09-10,1135082.0
2022-09-11,507267.0
2022-09-12,700667.0
2022-09-13,1174548.0
2022-09-14,790761.0
2022-09-15,1509100.0
2022-09-16,553137.0
2022-09-17,1066260.0
2022-09-18,498657.0
2022-09-19,1510705.0
2022-09-20,1451507.0
2022-09-21,769721.0
2022-09-22,1181114.0
2022-09-23,579441.0
2022-09-24,1079079.0
2022-09-25,814201.0
2022-09-26,1438334.0
2022-09-27,794746.0
2022-09-28,1141275.0
2022-09-29,720920.0
2022-09-30,2424210.0
2022-10-01,829902.0
2022-10-02,391781.0
2022-10-03,1285741.0
2022-10-04,1138167.0
2022-10-05,950834.0
2022-10-06,3207188.0
2022-10-07,1104075.0
2022-10-08,544700.0
2022-10-09,808074.0
2022-10-10,517783.0
2022-10-11,840381.0
2022-10-12,893813.0
2022-10-13,1822341.0
2022-10-14,1708895.0
2022-10-15,475203.0
2022-10-16,1640702.0
2022-10-17,907950.0
2022-10-18,796866.0
2022-10-19,849983.0
2022-10-20,2130711.0
2022-10-21,2332488.0
2022-10-22,502719.0
2022-10-23,453113.0
2022-10-24,723815.0
2022-10-25,1377110.0
2022-10-26,2309009.0
2022-10-27,1056978.0
2022-10-28,478842.0
2022-10-29,936414.0
2022-10-30,816640.0
2022-10-31,875846.0
2022-11-01,973843.0
2022-11-02,500319.0
2022-11-03,1102876.0
2022-11-04,445174.0
2022-11-05,435475.0
2022-11-06,382388.0
2022-11-07,368692.0
2022-11-08,1690554.0
2022-11-09,1335045.0
2022-11-10,1153129.0
2022-11-11,887476.0
2022-11-12,355238.0
2022-11-13,876123.0
2022-11-14,830818.0
2022-11-15,412924.0
2022-11-16,1870610.0
2022-11-17,1546735.0
2022-11-18,1163985.0
2022-11-19,402626.0
2022-11-20,870624.0
2022-11-21,481676.0
2022-11-22,1401528.0
2022-11-23,577136.0
2022-11-24,1658756.0
2022-11-25,484104.0
2022-11-26,847621.0
2022-11-27,779606.0
2022-11-28,1569583.0
2022-11-29,1058420.0
2022-11-30,1720046.0
2022-12-01,697369.0
2022-12-02,1929267.0
2022-12-03,937255.0
2022-12-04,397840.0
2022-12-05,1507097.0
2022-12-06,570535.0
2022-12-07,1486993.0
2022-12-08,1169104.0
2022-12-09,738138.0
2022-12-10,1669212.0
2022-12-11,1034725.0
2022-12-12,460769.0
2022-12-13,2237093.0
2022-12-14,757823.0
2022-12-15,2081990.0
2022-12-16,713947.0
2022-12-17,982143.0
2022-12-18,456577.0
2022-12-19,945005.0
2022-12-20,1769629.0
2022-12-21,893510.0
2022-12-22,1954808.0
2022-12-23,823278.0
2022-12-24,1254184.0
2022-12-25,488438.0
2022-12-26,1015885.0
2022-12-27,631533.0
2022-12-28,1782409.0
2022-12-29,737210.0
2022-12-30,1529525.0
2022-12-31,1105921.0
2023-01-01,430722.0
2023-01-02,929788.0
2023-01-03,469934.0
2023-01-04,1639211.0
2023-01-05,756262.0
2023-01-06,1531696.0
2023-01-07,756133.0
2023-01-08,2156968.0
2023-01-09,258665.0
2023-01-10,16456507.0
2023-01-11,971642.0
2023-01-12,1169794.0
2023-01-13,426674.0
2023-01-14,1091352.0
2023-01-15,383976.0
2023-01-16,774564.0
2023-01-17,374302.0
2023-01-18,620768.0
2023-01-19,838247.0
2023-01-20,329751.0
2023-01-21,851464.0
2023-01-22,794607.0
2023-01-23,599965.0
2023-01-24,540165.0
2023-01-25,671213.0
2023-01-26,762843.0
2023-01-27,677700.0
2023-01-28,194046.0
2023-01-29,336294.0
2023-01-30,484431.0
2023-01-31,505982.0
2023-02-01,241503.0
2023-02-02,603977.0
2023-02-03,170026.0
2023-02-04,594267.0
2023-02-05,267977.0
2023-02-06,253458.0
2023-02-07,379564.0
2023-02-08,174996.0
2023-02-09,234581.0
2023-02-10,157317.0
2023-02-11,122616.0
2023-02-12,95775.0
2023-02-13,148772.0
2023-02-14,488481.0
2023-02-15,474643.0
2023-02-16,524686.0
2023-02-17,162860.0
2023-02-18,490059.0
2023-02-19,428418.0
2023-02-20,257566.0
2023-02-21,487883.0
2023-02-22,149027.0
2023-02-23,534212.0
2023-02-24,146417.0
2023-02-25,414444.0
2023-02-26,117122.0
2023-02-27,233648.0
2023-02-28,140330.0
2023-03-01,190599.0
2023-03-02,629219.0
2023-03-03,116269.0
2023-03-04,341327.0
2023-03-05,19069.0
