date,workload,energy_kwh,carbon_west_us_g,carbon_west_europe_g,carbon_north_europe_g
2020-01-22,184.0,0.092,36.8,23.0,9.2
2020-01-23,524.0,0.262,104.80000000000001,65.5,26.200000000000003
2020-01-24,729.0,0.3645,145.79999999999998,91.125,36.449999999999996
2020-01-25,1174.0,0.587,234.79999999999998,146.75,58.699999999999996
2020-01-26,1475.0,0.7375,295.0,184.375,73.75
2020-01-27,2569.0,1.2845,513.8,321.125,128.45
2020-01-28,3269.0,1.6345,653.8000000000001,408.625,163.45000000000002
2020-01-29,3224.0,1.612,644.8000000000001,403.0,161.20000000000002
2020-01-30,3749.0,1.8745,749.8000000000001,468.625,187.45000000000002
2020-01-31,4134.0,2.067,826.8000000000001,516.75,206.70000000000002
2020-02-01,4729.0,2.3645,945.8000000000001,591.125,236.45000000000002
2020-02-02,5444.0,2.722,1088.8,680.5,272.2
2020-02-03,6070.0,3.035,1214.0,758.75,303.5
2020-02-04,12506.0,6.253,2501.2,1563.25,625.3
2020-02-05,7641.0,3.8205,1528.2,955.125,382.05
2020-02-06,6872.0,3.436,1374.4,859.0,343.6
2020-02-07,6558.0,3.279,1311.6,819.75,327.9
2020-02-08,6075.0,3.0375,1215.0,759.375,303.75
2020-02-09,5672.0,2.836,1134.3999999999999,709.0,283.59999999999997
2020-02-10,5471.0,2.7355,1094.2,683.875,273.55
2020-02-11,4512.0,2.2560000000000002,902.4000000000001,564.0,225.60000000000002
2020-02-12,3857.0,1.9285,771.4000000000001,482.125,192.85000000000002
2020-02-13,3842.0,1.921,768.4,480.25,192.1
2020-02-14,18923.0,9.461500000000001,3784.6000000000004,2365.375,946.1500000000001
2020-02-15,3805.0,1.9025,761.0,475.625,190.25
2020-02-16,19540.0,9.77,3908.0,2442.5,977.0
2020-02-17,4133.0,2.0665,826.6,516.625,206.65
2020-02-18,3616.0,1.808,723.2,452.0,180.8
2020-02-19,4322.0,2.161,864.4,540.25,216.1
2020-02-20,1013.0,0.5065000000000001,202.60000000000002,126.62500000000001,50.650000000000006
2020-02-21,2131.0,1.0655000000000001,426.20000000000005,266.375,106.55000000000001
2020-02-22,2258.0,1.129,451.6,282.25,112.9
2020-02-23,2021.0,1.0105,404.2,252.625,101.05
2020-02-24,1198.0,0.599,239.6,149.75,59.9
2020-02-25,1899.0,0.9495,379.8,237.375,94.95
2020-02-26,2037.0,1.0185,407.4,254.625,101.85
2020-02-27,2795.0,1.3975,559.0,349.375,139.75
2020-02-28,3035.0,1.5175,607.0,379.375,151.75
2020-02-29,4216.0,2.108,843.2,527.0,210.8
2020-03-01,5020.0,2.5100000000000002,1004.0000000000001,627.5000000000001,251.00000000000003
2020-03-02,4361.0,2.1805,872.1999999999999,545.125,218.04999999999998
2020-03-03,4989.0,2.4945,997.8,623.625,249.45
2020-03-04,5286.0,2.6430000000000002,1057.2,660.7500000000001,264.3
2020-03-05,5949.0,2.9745,1189.8,743.625,297.45
2020-03-06,8156.0,4.078,1631.2,1019.5000000000001,407.8
2020-03-07,10106.0,5.053,2021.2,1263.25,505.3
2020-03-08,10453.0,5.2265,2090.6,1306.625,522.65
2020-03-09,10364.0,5.182,2072.8,1295.5,518.2
2020-03-10,12042.0,6.021,2408.4,1505.25,602.1
2020-03-11,14617.0,7.3085,2923.4,1827.125,730.85
2020-03-12,17585.0,8.7925,3517.0,2198.125,879.25
2020-03-13,20661.0,10.3305,4132.200000000001,2582.625,1033.0500000000002
2020-03-14,26543.0,13.2715,5308.599999999999,3317.875,1327.1499999999999
2020-03-15,33753.0,16.8765,6750.6,4219.125,1687.65
2020-03-16,34779.0,17.3895,6955.800000000001,4347.375,1738.9500000000003
2020-03-17,36127.0,18.0635,7225.400000000001,4515.875,1806.3500000000001
2020-03-18,50873.0,25.4365,10174.6,6359.125,2543.65
2020-03-19,92888.0,46.444,18577.600000000002,11611.0,4644.400000000001
2020-03-20,83960.0,41.980000000000004,16792.0,10495.000000000002,4198.0
2020-03-21,94897.0,47.4485,18979.4,11862.125,4744.85
2020-03-22,96441.0,48.2205,19288.2,12055.125,4822.05
2020-03-23,116963.0,58.481500000000004,23392.600000000002,14620.375000000002,5848.150000000001
2020-03-24,117402.0,58.701,23480.4,14675.25,5870.1
2020-03-25,137304.0,68.652,27460.8,17163.0,6865.2
2020-03-26,175209.0,87.6045,35041.8,21901.125,8760.45
2020-03-27,172431.0,86.2155,34486.200000000004,21553.875,8621.550000000001
2020-03-28,189034.0,94.517,37806.799999999996,23629.25,9451.699999999999
2020-03-29,161017.0,80.5085,32203.399999999998,20127.125,8050.849999999999
2020-03-30,183610.0,91.805,36722.0,22951.25,9180.5
2020-03-31,211825.0,105.91250000000001,42365.0,26478.125000000004,10591.25
2020-04-01,222554.0,111.277,44510.8,27819.25,11127.7
2020-04-02,246822.0,123.411,49364.4,30852.75,12341.1
2020-04-03,251742.0,125.87100000000001,50348.4,31467.750000000004,12587.1
2020-04-04,260645.0,130.3225,52129.0,32580.624999999996,13032.25
2020-04-05,231906.0,115.953,46381.200000000004,28988.25,11595.300000000001
2020-04-06,225816.0,112.908,45163.2,28227.0,11290.8
2020-04-07,247459.0,123.7295,49491.8,30932.375,12372.95
2020-04-08,280184.0,140.092,56036.8,35023.0,14009.2
2020-04-09,259128.0,129.564,51825.6,32391.0,12956.4
2020-04-10,281000.0,140.5,56200.0,35125.0,14050.0
2020-04-11,242895.0,121.4475,48579.0,30361.875,12144.75
2020-04-12,281484.0,140.742,56296.799999999996,35185.5,14074.199999999999
2020-04-13,202393.0,101.1965,40478.6,25299.125,10119.65
2020-04-14,244804.0,122.402,48960.8,30600.5,12240.2
2020-04-15,258095.0,129.0475,51619.00000000001,32261.875000000004,12904.750000000002
2020-04-16,273750.0,136.875,54750.0,34218.75,13687.5
2020-04-17,254750.0,127.375,50950.0,31843.75,12737.5
2020-04-18,242510.0,121.255,48502.0,30313.75,12125.5
2020-04-19,232831.0,116.41550000000001,46566.200000000004,29103.875000000004,11641.550000000001
2020-04-20,256183.0,128.0915,51236.6,32022.875,12809.15
2020-04-21,233277.0,116.63850000000001,46655.4,29159.625000000004,11663.85
2020-04-22,250138.0,125.069,50027.6,31267.25,12506.9
2020-04-23,284455.0,142.2275,56891.0,35556.875,14222.75
2020-04-24,274863.0,137.4315,54972.6,34357.875,13743.15
2020-04-25,252582.0,126.291,50516.4,31572.75,12629.1
2020-04-26,177416.0,88.708,35483.2,22177.0,8870.8
2020-04-27,228647.0,114.3235,45729.4,28580.875,11432.35
2020-04-28,254641.0,127.3205,50928.2,31830.125,12732.05
2020-04-29,248669.0,124.3345,49733.8,31083.625,12433.45
2020-04-30,243476.0,121.738,48695.2,30434.5,12173.8
2020-05-01,301734.0,150.867,60346.799999999996,37716.75,15086.699999999999
2020-05-02,256343.0,128.1715,51268.600000000006,32042.875000000004,12817.150000000001
2020-05-03,235263.0,117.6315,47052.6,29407.875,11763.15
2020-05-04,242226.0,121.113,48445.2,30278.25,12111.3
2020-05-05,259654.0,129.827,51930.8,32456.75,12982.7
2020-05-06,280015.0,140.0075,56003.0,35001.875,14000.75
2020-05-07,288893.0,144.44650000000001,57778.600000000006,36111.625,14444.650000000001
2020-05-08,275041.0,137.5205,55008.2,34380.125,13752.05
2020-05-09,245626.0,122.813,49125.200000000004,30703.25,12281.300000000001
2020-05-10,220805.0,110.4025,44161.0,27600.625,11040.25
2020-05-11,226551.0,113.27550000000001,45310.200000000004,28318.875000000004,11327.550000000001
2020-05-12,273406.0,136.703,54681.200000000004,34175.75,13670.300000000001
2020-05-13,286617.0,143.3085,57323.4,35827.125,14330.85
2020-05-14,304045.0,152.0225,60809.0,38005.625,15202.25
2020-05-15,289872.0,144.936,57974.4,36234.0,14493.6
2020-05-16,258136.0,129.068,51627.200000000004,32267.000000000004,12906.800000000001
2020-05-17,243620.0,121.81,48724.0,30452.5,12181.0
2020-05-18,282095.0,141.0475,56419.00000000001,35261.875,14104.750000000002
2020-05-19,281385.0,140.6925,56277.0,35173.125,14069.25
2020-05-20,315130.0,157.565,63026.0,39391.25,15756.5
2020-05-21,314757.0,157.3785,62951.4,39344.625,15737.85
2020-05-22,306025.0,153.01250000000002,61205.00000000001,38253.12500000001,15301.250000000002
2020-05-23,299097.0,149.5485,59819.399999999994,37387.125,14954.849999999999
2020-05-24,268733.0,134.3665,53746.6,33591.625,13436.65
2020-05-25,270774.0,135.387,54154.8,33846.75,13538.7
2020-05-26,321536.0,160.768,64307.2,40192.0,16076.8
2020-05-27,341706.0,170.853,68341.2,42713.25,17085.3
2020-05-28,355826.0,177.913,71165.20000000001,44478.25,17791.300000000003
2020-05-29,373984.0,186.992,74796.8,46748.0,18699.2
2020-05-30,309754.0,154.877,61950.8,38719.25,15487.7
2020-05-31,304349.0,152.1745,60869.799999999996,38043.625,15217.449999999999
2020-06-01,288478.0,144.239,57695.6,36059.75,14423.9
2020-06-02,346785.0,173.3925,69357.0,43348.125,17339.25
2020-06-03,360485.0,180.2425,72097.0,45060.625,18024.25
2020-06-04,393922.0,196.961,78784.40000000001,49240.25,19696.100000000002
2020-06-05,385490.0,192.745,77098.0,48186.25,19274.5
2020-06-06,358363.0,179.1815,71672.6,44795.375,17918.15
2020-06-07,326479.0,163.2395,65295.799999999996,40809.875,16323.949999999999
2020-06-08,324279.0,162.1395,64855.8,40534.875,16213.95
2020-06-09,417073.0,208.53650000000002,83414.6,52134.12500000001,20853.65
2020-06-10,356194.0,178.097,71238.8,44524.25,17809.7
2020-06-11,477726.0,238.863,95545.2,59715.75,23886.3
2020-06-12,367595.0,183.7975,73519.0,45949.375,18379.75
2020-06-13,363404.0,181.702,72680.8,45425.5,18170.2
2020-06-14,369196.0,184.598,73839.20000000001,46149.5,18459.800000000003
2020-06-15,383058.0,191.529,76611.6,47882.25,19152.9
2020-06-16,481310.0,240.655,96262.0,60163.75,24065.5
2020-06-17,448287.0,224.14350000000002,89657.40000000001,56035.87500000001,22414.350000000002
2020-06-18,451391.0,225.6955,90278.2,56423.875,22569.55
2020-06-19,525083.0,262.5415,105016.59999999999,65635.375,26254.149999999998
2020-06-20,390117.0,195.0585,78023.40000000001,48764.625,19505.850000000002
2020-06-21,515983.0,257.99150000000003,103196.6,64497.87500000001,25799.15
2020-06-22,432910.0,216.455,86582.0,54113.75,21645.5
2020-06-23,421126.0,210.56300000000002,84225.20000000001,52640.75000000001,21056.300000000003
2020-06-24,607283.0,303.6415,121456.6,75910.375,30364.15
2020-06-25,520471.0,260.2355,104094.2,65058.875,26023.55
2020-06-26,602911.0,301.45550000000003,120582.20000000001,75363.875,30145.550000000003
2020-06-27,492005.0,246.0025,98401.0,61500.625,24600.25
2020-06-28,496757.0,248.3785,99351.4,62094.625,24837.85
2020-06-29,492693.0,246.3465,98538.59999999999,61586.625,24634.649999999998
2020-06-30,512645.0,256.3225,102529.0,64080.625,25632.25
2020-07-01,509030.0,254.51500000000001,101806.0,63628.75000000001,25451.5
2020-07-02,577765.0,288.8825,115553.0,72220.625,28888.25
2020-07-03,640618.0,320.309,128123.6,80077.25,32030.9
2020-07-04,547787.0,273.8935,109557.40000000001,68473.375,27389.350000000002
2020-07-05,521819.0,260.9095,104363.79999999999,65227.37499999999,26090.949999999997
2020-07-06,580802.0,290.401,116160.40000000001,72600.25,29040.100000000002
2020-07-07,665060.0,332.53000000000003,133012.0,83132.50000000001,33253.0
2020-07-08,708643.0,354.3215,141728.6,88580.375,35432.15
2020-07-09,682559.0,341.2795,136511.8,85319.875,34127.95
2020-07-10,619063.0,309.5315,123812.59999999999,77382.875,30953.149999999998
2020-07-11,667570.0,333.785,133514.0,83446.25,33378.5
2020-07-12,644347.0,322.1735,128869.4,80543.375,32217.35
2020-07-13,696960.0,348.48,139392.0,87120.0,34848.0
2020-07-14,669346.0,334.673,133869.2,83668.25,33467.3
2020-07-15,792020.0,396.01,158404.0,99002.5,39601.0
2020-07-16,817976.0,408.988,163595.2,102247.0,40898.8
2020-07-17,729008.0,364.504,145801.6,91126.0,36450.4
2020-07-18,755969.0,377.9845,151193.80000000002,94496.125,37798.450000000004
2020-07-19,674953.0,337.4765,134990.6,84369.125,33747.65
2020-07-20,644180.0,322.09000000000003,128836.00000000001,80522.50000000001,32209.000000000004
2020-07-21,769921.0,384.9605,153984.2,96240.125,38496.05
2020-07-22,1086491.0,543.2455,217298.2,135811.375,54324.55
2020-07-23,873807.0,436.9035,174761.4,109225.875,43690.35
2020-07-24,888843.0,444.42150000000004,177768.6,111105.37500000001,44442.15
2020-07-25,749087.0,374.5435,149817.4,93635.875,37454.35
2020-07-26,716098.0,358.04900000000004,143219.6,89512.25000000001,35804.9
2020-07-27,803003.0,401.5015,160600.6,100375.375,40150.15
2020-07-28,806551.0,403.2755,161310.2,100818.875,40327.55
2020-07-29,890214.0,445.107,178042.80000000002,111276.75,44510.700000000004
2020-07-30,838661.0,419.33050000000003,167732.2,104832.625,41933.05
2020-07-31,832885.0,416.4425,166577.0,104110.625,41644.25
2020-08-01,802354.0,401.177,160470.80000000002,100294.25,40117.700000000004
2020-08-02,788684.0,394.342,157736.8,98585.5,39434.2
2020-08-03,750524.0,375.262,150104.8,93815.5,37526.2
2020-08-04,748311.0,374.1555,149662.2,93538.875,37415.55
2020-08-05,949540.0,474.77,189908.0,118692.5,47477.0
2020-08-06,809657.0,404.8285,161931.4,101207.125,40482.85
2020-08-07,959009.0,479.5045,191801.8,119876.125,47950.45
2020-08-08,830462.0,415.231,166092.4,103807.75,41523.1
2020-08-09,704541.0,352.2705,140908.2,88067.625,35227.05
2020-08-10,756442.0,378.221,151288.4,94555.25,37822.1
2020-08-11,828982.0,414.491,165796.4,103622.75,41449.1
2020-08-12,789943.0,394.9715,157988.6,98742.875,39497.15
2020-08-13,1094936.0,547.468,218987.19999999998,136867.0,54746.799999999996
2020-08-14,856832.0,428.416,171366.4,107104.0,42841.6
2020-08-15,831767.0,415.8835,166353.40000000002,103970.875,41588.350000000006
2020-08-16,606023.0,303.0115,121204.6,75752.875,30301.15
2020-08-17,708261.0,354.1305,141652.19999999998,88532.625,35413.049999999996
2020-08-18,770381.0,385.1905,154076.19999999998,96297.625,38519.049999999996
2020-08-19,882646.0,441.32300000000004,176529.2,110330.75000000001,44132.3
2020-08-20,882161.0,441.08050000000003,176432.2,110270.125,44108.05
2020-08-21,692625.0,346.3125,138525.0,86578.125,34631.25
2020-08-22,863518.0,431.759,172703.6,107939.75,43175.9
2020-08-23,551268.0,275.634,110253.6,68908.5,27563.4
2020-08-24,753636.0,376.818,150727.19999999998,94204.5,37681.799999999996
2020-08-25,856787.0,428.3935,171357.4,107098.375,42839.35
2020-08-26,858044.0,429.022,171608.8,107255.5,42902.2
2020-08-27,893665.0,446.8325,178733.0,111708.125,44683.25
2020-08-28,791222.0,395.611,158244.4,98902.75,39561.1
2020-08-29,813332.0,406.666,162666.4,101666.5,40666.6
2020-08-30,734087.0,367.0435,146817.4,91760.875,36704.35
2020-08-31,805452.0,402.726,161090.4,100681.5,40272.6
2020-09-01,802913.0,401.4565,160582.6,100364.125,40145.65
2020-09-02,888451.0,444.2255,177690.2,111056.375,44422.55
2020-09-03,911989.0,455.9945,182397.80000000002,113998.625,45599.450000000004
2020-09-04,856785.0,428.3925,171357.0,107098.125,42839.25
2020-09-05,890211.0,445.1055,178042.2,111276.375,44510.55
2020-09-06,727602.0,363.801,145520.4,90950.25,36380.1
2020-09-07,707049.0,353.5245,141409.8,88381.125,35352.45
2020-09-08,696274.0,348.137,139254.8,87034.25,34813.7
2020-09-09,950010.0,475.005,190002.0,118751.25,47500.5
2020-09-10,1101566.0,550.783,220313.2,137695.75,55078.3
2020-09-11,1014343.0,507.17150000000004,202868.6,126792.87500000001,50717.15
2020-09-12,848899.0,424.4495,169779.8,106112.375,42444.95
2020-09-13,812594.0,406.297,162518.80000000002,101574.25,40629.700000000004
2020-09-14,898205.0,449.1025,179641.0,112275.625,44910.25
2020-09-15,966147.0,483.0735,193229.40000000002,120768.375,48307.350000000006
2020-09-16,1022313.0,511.1565,204462.6,127789.125,51115.65
2020-09-17,989550.0,494.77500000000003,197910.0,123693.75000000001,49477.5
2020-09-18,1001536.0,500.76800000000003,200307.2,125192.0,50076.8
2020-09-19,857729.0,428.8645,171545.80000000002,107216.125,42886.450000000004
2020-09-20,838322.0,419.161,167664.4,104790.25,41916.1
2020-09-21,883866.0,441.933,176773.2,110483.25,44193.3
2020-09-22,963266.0,481.63300000000004,192653.2,120408.25000000001,48163.3
2020-09-23,1007408.0,503.704,201481.6,125926.0,50370.4
2020-09-24,1027536.0,513.768,205507.2,128442.0,51376.8
2020-09-25,924293.0,462.1465,184858.6,115536.625,46214.65
2020-09-26,889199.0,444.59950000000003,177839.80000000002,111149.87500000001,44459.950000000004
2020-09-27,708104.0,354.052,141620.80000000002,88513.0,35405.200000000004
2020-09-28,906896.0,453.44800000000004,181379.2,113362.00000000001,45344.8
2020-09-29,958926.0,479.463,191785.2,119865.75,47946.3
2020-09-30,1055699.0,527.8495,211139.80000000002,131962.375,52784.950000000004
2020-10-01,1000895.0,500.4475,200179.0,125111.875,50044.75
2020-10-02,995772.0,497.886,199154.40000000002,124471.5,49788.600000000006
2020-10-03,815592.0,407.796,163118.4,101949.0,40779.6
2020-10-04,836886.0,418.443,167377.19999999998,104610.75,41844.299999999996
2020-10-05,955745.0,477.8725,191149.0,119468.125,47787.25
2020-10-06,1052060.0,526.03,210412.0,131507.5,52603.0
2020-10-07,1089394.0,544.697,217878.8,136174.25,54469.7
2020-10-08,1067193.0,533.5965,213438.6,133399.125,53359.65
2020-10-09,1048164.0,524.082,209632.8,131020.5,52408.2
2020-10-10,948544.0,474.272,189708.8,118568.0,47427.2
2020-10-11,970238.0,485.119,194047.6,121279.75,48511.9
2020-10-12,912094.0,456.047,182418.80000000002,114011.75,45604.700000000004
2020-10-13,1013636.0,506.818,202727.19999999998,126704.5,50681.799999999996
2020-10-14,1191017.0,595.5085,238203.40000000002,148877.125,59550.850000000006
2020-10-15,1156981.0,578.4905,231396.2,144622.625,57849.05
2020-10-16,1149557.0,574.7785,229911.4,143694.625,57477.85
2020-10-17,959119.0,479.5595,191823.80000000002,119889.875,47955.950000000004
2020-10-18,1042522.0,521.261,208504.4,130315.24999999999,52126.1
2020-10-19,1068864.0,534.432,213772.80000000002,133608.0,53443.200000000004
2020-10-20,1151470.0,575.735,230294.0,143933.75,57573.5
2020-10-21,1166120.0,583.0600000000001,233224.00000000003,145765.00000000003,58306.00000000001
2020-10-22,858927.0,429.4635,171785.4,107365.875,42946.35
2020-10-23,1315400.0,657.7,263080.0,164425.0,65770.0
2020-10-24,1195227.0,597.6135,239045.40000000002,149403.375,59761.350000000006
2020-10-25,1134774.0,567.3870000000001,226954.80000000002,141846.75,56738.700000000004
2020-10-26,1236758.0,618.379,247351.6,154594.75,61837.9
2020-10-27,1372745.0,686.3725000000001,274549.0,171593.12500000003,68637.25
2020-10-28,1456346.0,728.173,291269.2,182043.25,72817.3
2020-10-29,1399570.0,699.785,279914.0,174946.25,69978.5
2020-10-30,1578002.0,789.001,315600.39999999997,197250.25,78900.09999999999
2020-10-31,1280784.0,640.392,256156.80000000002,160098.0,64039.200000000004
2020-11-01,1194390.0,597.195,238878.00000000003,149298.75,59719.50000000001
2020-11-02,1243006.0,621.503,248601.2,155375.75,62150.3
2020-11-03,1401919.0,700.9595,280383.80000000005,175239.875,70095.95000000001
2020-11-04,1647364.0,823.682,329472.8,205920.5,82368.2
2020-11-05,1935626.0,967.813,387125.2,241953.25,96781.3
2020-11-06,1698599.0,849.2995,339719.8,212324.875,84929.95
2020-11-07,1341755.0,670.8775,268351.0,167719.375,67087.75
2020-11-08,1487485.0,743.7425000000001,297497.0,185935.62500000003,74374.25
2020-11-09,1502838.0,751.419,300567.6,187854.75,75141.9
2020-11-10,1755186.0,877.5930000000001,351037.2,219398.25000000003,87759.3
2020-11-11,1605463.0,802.7315,321092.6,200682.875,80273.15
2020-11-12,2082451.0,1041.2255,416490.2,260306.375,104122.55
2020-11-13,1750639.0,875.3195000000001,350127.80000000005,218829.87500000003,87531.95000000001
2020-11-14,1405119.0,702.5595000000001,281023.80000000005,175639.87500000003,70255.95000000001
2020-11-15,1529809.0,764.9045,305961.8,191226.125,76490.45
2020-11-16,1560926.0,780.463,312185.2,195115.75,78046.3
2020-11-17,1871148.0,935.5740000000001,374229.60000000003,233893.50000000003,93557.40000000001
2020-11-18,1648230.0,824.115,329646.0,206028.75,82411.5
2020-11-19,2259765.0,1129.8825,451953.0,282470.625,112988.25
2020-11-20,1739636.0,869.818,347927.2,217454.5,86981.8
2020-11-21,1609627.0,804.8135,321925.39999999997,201203.375,80481.34999999999
2020-11-22,1475371.0,737.6855,295074.2,184421.375,73768.55
2020-11-23,1574882.0,787.441,314976.4,196860.25,78744.1
2020-11-24,1860362.0,930.181,372072.4,232545.25,93018.1
2020-11-25,1714337.0,857.1685,342867.4,214292.125,85716.85
2020-11-26,1850113.0,925.0565,370022.60000000003,231264.125,92505.65000000001
2020-11-27,1699079.0,849.5395,339815.8,212384.875,84953.95
2020-11-28,1616110.0,808.0550000000001,323222.0,202013.75000000003,80805.5
2020-11-29,1441597.0,720.7985,288319.4,180199.625,72079.85
2020-11-30,1603167.0,801.5835000000001,320633.4,200395.87500000003,80158.35
2020-12-01,1866521.0,933.2605,373304.2,233315.125,93326.05
2020-12-02,1965803.0,982.9015,393160.60000000003,245725.375,98290.15000000001
2020-12-03,1993439.0,996.7195,398687.8,249179.875,99671.95
2020-12-04,1880463.0,940.2315,376092.6,235057.875,94023.15
2020-12-05,1934162.0,967.081,386832.4,241770.25,96708.1
2020-12-06,1434673.0,717.3365,286934.6,179334.125,71733.65
2020-12-07,1994865.0,997.4325,398973.0,249358.125,99743.25
2020-12-08,1600667.0,800.3335000000001,320133.4,200083.37500000003,80033.35
2020-12-09,2296360.0,1148.18,459272.0,287045.0,114818.0
2020-12-10,1950184.0,975.092,390036.8,243773.0,97509.2
2020-12-11,2896365.0,1448.1825000000001,579273.0,362045.62500000006,144818.25
2020-12-12,2324473.0,1162.2365,464894.6,290559.125,116223.65
2020-12-13,1305997.0,652.9985,261199.40000000002,163249.625,65299.850000000006
2020-12-14,2078282.0,1039.141,415656.4,259785.25000000003,103914.1
2020-12-15,1316142.0,658.071,263228.4,164517.75,65807.1
2020-12-16,2150062.0,1075.031,430012.39999999997,268757.75,107503.09999999999
2020-12-17,1969599.0,984.7995,393919.8,246199.875,98479.95
2020-12-18,2254689.0,1127.3445,450937.8,281836.125,112734.45
2020-12-19,1736642.0,868.321,347328.4,217080.25,86832.1
2020-12-20,1822367.0,911.1835,364473.39999999997,227795.875,91118.34999999999
2020-12-21,1718277.0,859.1385,343655.4,214784.625,85913.85
2020-12-22,1962135.0,981.0675,392427.0,245266.875,98106.75
2020-12-23,2231421.0,1115.7105,446284.19999999995,278927.625,111571.04999999999
2020-12-24,1696468.0,848.234,339293.60000000003,212058.5,84823.40000000001
2020-12-25,1520689.0,760.3445,304137.8,190086.125,76034.45
2020-12-26,1482815.0,741.4075,296563.0,185351.875,74140.75
2020-12-27,1359105.0,679.5525,271821.0,169888.125,67955.25
2020-12-28,1866950.0,933.475,373390.0,233368.75,93347.5
2020-12-29,2063401.0,1031.7005,412680.19999999995,257925.12499999997,103170.04999999999
2020-12-30,2346634.0,1173.317,469326.8,293329.25,117331.7
2020-12-31,2004648.0,1002.3240000000001,400929.60000000003,250581.00000000003,100232.40000000001
2021-01-01,1773456.0,886.7280000000001,354691.2,221682.00000000003,88672.8
2021-01-02,1755920.0,877.96,351184.0,219490.0,87796.0
2021-01-03,1685619.0,842.8095000000001,337123.80000000005,210702.37500000003,84280.95000000001
2021-01-04,1894102.0,947.051,378820.4,236762.75,94705.1
2021-01-05,2044128.0,1022.064,408825.6,255516.0,102206.4
2021-01-06,2732990.0,1366.4950000000001,546598.0,341623.75000000006,136649.5
2021-01-07,2064917.0,1032.4585,412983.39999999997,258114.625,103245.84999999999
2021-01-08,2867418.0,1433.709,573483.6,358427.25,143370.9
2021-01-09,2114994.0,1057.497,422998.80000000005,264374.25,105749.70000000001
2021-01-10,1947310.0,973.655,389462.0,243413.75,97365.5
2021-01-11,1955657.0,977.8285000000001,391131.4,244457.12500000003,97782.85
2021-01-12,2127639.0,1063.8195,425527.80000000005,265954.875,106381.95000000001
2021-01-13,2270072.0,1135.036,454014.4,283759.0,113503.6
2021-01-14,1948123.0,974.0615,389624.60000000003,243515.375,97406.15000000001
2021-01-15,2398221.0,1199.1105,479644.2,299777.625,119911.05
2021-01-16,2150904.0,1075.452,430180.8,268863.0,107545.2
2021-01-17,1562527.0,781.2635,312505.4,195315.875,78126.35
2021-01-18,1606518.0,803.259,321303.6,200814.75,80325.9
2021-01-19,1803879.0,901.9395000000001,360775.80000000005,225484.87500000003,90193.95000000001
2021-01-20,1977054.0,988.527,395410.80000000005,247131.75,98852.70000000001
2021-01-21,2228717.0,1114.3585,445743.4,278589.625,111435.85
2021-01-22,1750127.0,875.0635,350025.39999999997,218765.875,87506.34999999999
2021-01-23,1561499.0,780.7495,312299.8,195187.375,78074.95
2021-01-24,1423587.0,711.7935,284717.4,177948.375,71179.35
2021-01-25,1616970.0,808.485,323394.0,202121.25,80848.5
2021-01-26,1491848.0,745.924,298369.6,186481.0,74592.4
2021-01-27,1971811.0,985.9055000000001,394362.2,246476.37500000003,98590.55
2021-01-28,1633655.0,816.8275,326731.0,204206.875,81682.75
2021-01-29,1701502.0,850.751,340300.39999999997,212687.75,85075.09999999999
2021-01-30,1380368.0,690.184,276073.6,172546.0,69018.4
2021-01-31,1236784.0,618.392,247356.80000000002,154598.0,61839.200000000004
2021-02-01,1091402.0,545.701,218280.40000000002,136425.25,54570.100000000006
2021-02-02,1552532.0,776.266,310506.39999999997,194066.5,77626.59999999999
2021-02-03,1483043.0,741.5215000000001,296608.60000000003,185380.37500000003,74152.15000000001
2021-02-04,1504804.0,752.402,300960.80000000005,188100.5,75240.20000000001
2021-02-05,1369220.0,684.61,273844.0,171152.5,68461.0
2021-02-06,1104792.0,552.396,220958.4,138099.0,55239.6
2021-02-07,1042713.0,521.3565,208542.6,130339.125,52135.65
2021-02-08,916729.0,458.3645,183345.80000000002,114591.125,45836.450000000004
2021-02-09,1300486.0,650.243,260097.2,162560.75,65024.3
2021-02-10,1152778.0,576.389,230555.6,144097.25,57638.9
2021-02-11,1370032.0,685.016,274006.39999999997,171254.0,68501.59999999999
2021-02-12,1178405.0,589.2025,235681.0,147300.625,58920.25
2021-02-13,962976.0,481.488,192595.2,120372.0,48148.8
2021-02-14,821701.0,410.8505,164340.2,102712.625,41085.05
2021-02-15,737906.0,368.95300000000003,147581.2,92238.25000000001,36895.3
2021-02-16,1229283.0,614.6415000000001,245856.60000000003,153660.37500000003,61464.15000000001
2021-02-17,1165994.0,582.997,233198.8,145749.25,58299.7
2021-02-18,1041129.0,520.5645000000001,208225.80000000002,130141.12500000001,52056.450000000004
2021-02-19,1073303.0,536.6515,214660.60000000003,134162.875,53665.15000000001
2021-02-20,1012649.0,506.3245,202529.8,126581.125,50632.45
2021-02-21,707642.0,353.821,141528.40000000002,88455.25,35382.100000000006
2021-02-22,1152708.0,576.354,230541.6,144088.5,57635.4
2021-02-23,1163462.0,581.731,232692.4,145432.75,58173.1
2021-02-24,1077041.0,538.5205,215408.19999999998,134630.125,53852.049999999996
2021-02-25,1218715.0,609.3575,243742.99999999997,152339.375,60935.74999999999
2021-02-26,1319852.0,659.926,263970.4,164981.5,65992.6
2021-02-27,1107180.0,553.59,221436.0,138397.5,55359.0
2021-02-28,884847.0,442.4235,176969.4,110605.875,44242.35
2021-03-01,957072.0,478.536,191414.4,119634.0,47853.6
2021-03-02,990686.0,495.343,198137.2,123835.75,49534.3
2021-03-03,1236577.0,618.2885,247315.4,154572.125,61828.85
2021-03-04,1077459.0,538.7295,215491.80000000002,134682.375,53872.950000000004
2021-03-05,1119659.0,559.8295,223931.80000000002,139957.375,55982.950000000004
2021-03-06,1095257.0,547.6285,219051.40000000002,136907.125,54762.850000000006
2021-03-07,1086494.0,543.247,217298.8,135811.75,54324.7
2021-03-08,941595.0,470.7975,188319.0,117699.375,47079.75
2021-03-09,1080725.0,540.3625,216144.99999999997,135090.625,54036.24999999999
2021-03-10,1145122.0,572.561,229024.40000000002,143140.25,57256.100000000006
2021-03-11,1601187.0,800.5935000000001,320237.4,200148.37500000003,80059.35
2021-03-12,1269891.0,634.9455,253978.2,158736.375,63494.55
2021-03-13,1147658.0,573.8290000000001,229531.60000000003,143457.25000000003,57382.90000000001
2021-03-14,708186.0,354.093,141637.2,88523.25,35409.3
2021-03-15,1318451.0,659.2255,263690.2,164806.375,65922.55
2021-03-16,1320515.0,660.2575,264103.0,165064.375,66025.75
2021-03-17,1512921.0,756.4605,302584.2,189115.125,75646.05
2021-03-18,1244768.0,622.384,248953.6,155596.0,62238.4
2021-03-19,1467655.0,733.8275,293531.0,183456.875,73382.75
2021-03-20,1360810.0,680.405,272162.0,170101.25,68040.5
2021-03-21,1308317.0,654.1585,261663.4,163539.625,65415.85
2021-03-22,1218897.0,609.4485,243779.4,152362.125,60944.85
2021-03-23,1008638.0,504.319,201727.6,126079.75,50431.9
2021-03-24,1000087.0,500.0435,200017.4,125010.875,50004.35
2021-03-25,1509618.0,754.809,301923.6,188702.25,75480.9
2021-03-26,116659.0,58.3295,23331.800000000003,14582.375,5832.950000000001
2021-03-27,105793.0,52.8965,21158.600000000002,13224.125,5289.650000000001
2021-03-28,121204.0,60.602000000000004,24240.800000000003,15150.500000000002,6060.200000000001
2021-03-29,106842.0,53.421,21368.4,13355.25,5342.1
2021-03-30,1377393.0,688.6965,275478.6,172174.125,68869.65
2021-03-31,2631747.0,1315.8735,526349.4,328968.375,131587.35
2021-04-01,1923919.0,961.9595,384783.80000000005,240489.875,96195.95000000001
2021-04-02,1489204.0,744.602,297840.8,186150.5,74460.2
2021-04-03,1335799.0,667.8995,267159.8,166974.875,66789.95
2021-04-04,1478458.0,739.229,295691.60000000003,184807.25,73922.90000000001
2021-04-05,1413786.0,706.893,282757.2,176723.25,70689.3
2021-04-06,1568161.0,784.0805,313632.2,196020.125,78408.05
2021-04-07,2142778.0,1071.3890000000001,428555.60000000003,267847.25000000006,107138.90000000001
2021-04-08,2572481.0,1286.2405,514496.20000000007,321560.125,128624.05000000002
2021-04-09,2414407.0,1207.2035,482881.4,301800.875,120720.35
2021-04-10,2072474.0,1036.237,414494.80000000005,259059.25000000003,103623.70000000001
2021-04-11,1780979.0,890.4895,356195.8,222622.375,89048.95
2021-04-12,1931504.0,965.7520000000001,386300.80000000005,241438.00000000003,96575.20000000001
2021-04-13,2515123.0,1257.5615,503024.60000000003,314390.375,125756.15000000001
2021-04-14,2127595.0,1063.7975000000001,425519.00000000006,265949.37500000006,106379.75000000001
2021-04-15,2634774.0,1317.387,526954.7999999999,329346.75,131738.69999999998
2021-04-16,2793427.0,1396.7135,558685.4,349178.375,139671.35
2021-04-17,2235721.0,1117.8605,447144.2,279465.125,111786.05
2021-04-18,2131605.0,1065.8025,426321.0,266450.625,106580.25
2021-04-19,2438416.0,1219.208,487683.2,304802.0,121920.8
2021-04-20,2313200.0,1156.6000000000001,462640.00000000006,289150.00000000006,115660.00000000001
2021-04-21,2889191.0,1444.5955000000001,577838.2000000001,361148.87500000006,144459.55000000002
2021-04-22,2684949.0,1342.4745,536989.8,335618.625,134247.45
2021-04-23,3026310.0,1513.155,605262.0,378288.75,151315.5
2021-04-24,2440176.0,1220.088,488035.2,305022.0,122008.8
2021-04-25,2285897.0,1142.9485,457179.39999999997,285737.125,114294.84999999999
2021-04-26,2590430.0,1295.215,518085.99999999994,323803.75,129521.49999999999
2021-04-27,2761536.0,1380.768,552307.2,345192.0,138076.8
2021-04-28,2892568.0,1446.284,578513.6000000001,361571.0,144628.40000000002
2021-04-29,2868684.0,1434.342,573736.8,358585.5,143434.2
2021-04-30,2580239.0,1290.1195,516047.8,322529.875,129011.95
2021-05-01,2423621.0,1211.8105,484724.2,302952.625,121181.05
2021-05-02,2269244.0,1134.622,453848.80000000005,283655.5,113462.20000000001
2021-05-03,2667280.0,1333.64,533456.0,333410.0,133364.0
2021-05-04,2483205.0,1241.6025,496641.0,310400.625,124160.25
2021-05-05,3033192.0,1516.596,606638.4,379149.0,151659.6
2021-05-06,2872916.0,1436.458,574583.2000000001,359114.5,143645.80000000002
2021-05-07,2556664.0,1278.332,511332.80000000005,319583.0,127833.20000000001
2021-05-08,2278779.0,1139.3895,455755.8,284847.375,113938.95
2021-05-09,2292732.0,1146.366,458546.4,286591.5,114636.6
2021-05-10,2314220.0,1157.1100000000001,462844.00000000006,289277.50000000006,115711.00000000001
2021-05-11,2191807.0,1095.9035000000001,438361.4,273975.87500000006,109590.35
2021-05-12,2461609.0,1230.8045,492321.8,307701.125,123080.45
2021-05-13,1998656.0,999.328,399731.2,249832.0,99932.8
2021-05-14,2160152.0,1080.076,432030.4,270019.0,108007.6
2021-05-15,2579356.0,1289.678,515871.20000000007,322419.5,128967.80000000002
2021-05-16,1729566.0,864.783,345913.2,216195.75,86478.3
2021-05-17,1969440.0,984.72,393888.0,246180.0,98472.0
2021-05-18,2095286.0,1047.643,419057.2,261910.75,104764.3
2021-05-19,2036728.0,1018.364,407345.60000000003,254591.0,101836.40000000001
2021-05-20,2122841.0,1061.4205,424568.19999999995,265355.125,106142.04999999999
2021-05-21,1641095.0,820.5475,328219.0,205136.875,82054.75
2021-05-22,1805146.0,902.573,361029.2,225643.25,90257.3
2021-05-23,1415884.0,707.942,283176.8,176985.5,70794.2
2021-05-24,1243312.0,621.6560000000001,248662.40000000002,155414.00000000003,62165.600000000006
2021-05-25,1667785.0,833.8925,333557.0,208473.125,83389.25
2021-05-26,1765694.0,882.847,353138.8,220711.75,88284.7
2021-05-27,1605858.0,802.929,321171.6,200732.25,80292.9
2021-05-28,1573652.0,786.826,314730.4,196706.5,78682.6
2021-05-29,1408530.0,704.265,281706.0,176066.25,70426.5
2021-05-30,1231622.0,615.811,246324.40000000002,153952.75,61581.100000000006
2021-05-31,1270358.0,635.179,254071.59999999998,158794.75,63517.899999999994
2021-06-01,1405293.0,702.6465000000001,281058.60000000003,175661.62500000003,70264.65000000001
2021-06-02,1434923.0,717.4615,286984.6,179365.375,71746.15
2021-06-03,1428243.0,714.1215,285648.6,178530.375,71412.15
2021-06-04,1352483.0,676.2415,270496.6,169060.375,67624.15
2021-06-05,950692.0,475.346,190138.4,118836.5,47534.6
2021-06-06,981151.0,490.57550000000003,196230.2,122643.87500000001,49057.55
2021-06-07,981056.0,490.528,196211.2,122632.0,49052.8
2021-06-08,1200656.0,600.328,240131.19999999998,150082.0,60032.799999999996
2021-06-09,1181087.0,590.5435,236217.4,147635.875,59054.35
2021-06-10,1254319.0,627.1595,250863.8,156789.875,62715.95
2021-06-11,1181893.0,590.9465,236378.6,147736.625,59094.65
2021-06-12,975727.0,487.8635,195145.4,121965.875,48786.35
2021-06-13,942693.0,471.3465,188538.6,117836.625,47134.65
2021-06-14,997040.0,498.52000000000004,199408.00000000003,124630.00000000001,49852.00000000001
2021-06-15,1027504.0,513.7520000000001,205500.80000000002,128438.00000000001,51375.200000000004
2021-06-16,1055061.0,527.5305,211012.19999999998,131882.625,52753.049999999996
2021-06-17,1254257.0,627.1285,250851.40000000002,156782.125,62712.850000000006
2021-06-18,1145525.0,572.7625,229105.00000000003,143190.625,57276.25000000001
2021-06-19,963820.0,481.91,192764.0,120477.5,48191.0
2021-06-20,793462.0,396.731,158692.4,99182.75,39673.1
2021-06-21,840436.0,420.218,168087.2,105054.5,42021.8
2021-06-22,1271261.0,635.6305,254252.19999999998,158907.625,63563.049999999996
2021-06-23,1129121.0,564.5605,225824.2,141140.125,56456.05
2021-06-24,1162361.0,581.1805,232472.2,145295.125,58118.05
2021-06-25,1050800.0,525.4,210160.0,131350.0,52540.0
2021-06-26,1037862.0,518.931,207572.40000000002,129732.75000000001,51893.100000000006
2021-06-27,851504.0,425.752,170300.80000000002,106438.0,42575.200000000004
2021-06-28,982778.0,491.389,196555.6,122847.25,49138.9
2021-06-29,1057157.0,528.5785,211431.4,132144.625,52857.85
2021-06-30,1124871.0,562.4355,224974.2,140608.875,56243.55
2021-07-01,1214400.0,607.2,242880.00000000003,151800.0,60720.00000000001
2021-07-02,1076794.0,538.397,215358.80000000002,134599.25,53839.700000000004
2021-07-03,987968.0,493.98400000000004,197593.6,123496.00000000001,49398.4
2021-07-04,928378.0,464.189,185675.6,116047.25,46418.9
2021-07-05,1037045.0,518.5225,207409.0,129630.62500000001,51852.25
2021-07-06,1356392.0,678.196,271278.4,169549.0,67819.6
2021-07-07,1067217.0,533.6085,213443.40000000002,133402.125,53360.850000000006
2021-07-08,1402619.0,701.3095000000001,280523.80000000005,175327.37500000003,70130.95000000001
2021-07-09,1165551.0,582.7755,233110.19999999998,145693.875,58277.549999999996
2021-07-10,1199434.0,599.717,239886.8,149929.25,59971.7
2021-07-11,789008.0,394.504,157801.6,98626.0,39450.4
2021-07-12,1366121.0,683.0605,273224.2,170765.125,68306.05
2021-07-13,378810.0,189.405,75762.0,47351.25,18940.5
2021-07-14,1194497.0,597.2485,238899.40000000002,149312.125,59724.850000000006
2021-07-15,1807744.0,903.8720000000001,361548.80000000005,225968.00000000003,90387.20000000001
2021-07-16,1373260.0,686.63,274652.0,171657.5,68663.0
2021-07-17,1268410.0,634.205,253682.00000000003,158551.25,63420.50000000001
2021-07-18,1008619.0,504.3095,201723.80000000002,126077.375,50430.950000000004
2021-07-19,1509969.0,754.9845,301993.8,188746.125,75498.45
2021-07-20,1327894.0,663.947,265578.8,165986.75,66394.7
2021-07-21,1422861.0,711.4305,284572.2,177857.625,71143.05
2021-07-22,2026486.0,1013.243,405297.2,253310.75,101324.3
2021-07-23,1106440.0,553.22,221288.0,138305.0,55322.0
2021-07-24,1617987.0,808.9935,323597.4,202248.375,80899.35
2021-07-25,1190717.0,595.3585,238143.40000000002,148839.625,59535.850000000006
2021-07-26,1463609.0,731.8045,292721.8,182951.125,73180.45
2021-07-27,1454320.0,727.16,290864.0,181790.0,72716.0
2021-07-28,1623140.0,811.57,324628.0,202892.5,81157.0
2021-07-29,2353515.0,1176.7575,470703.0,294189.375,117675.75
2021-07-30,1605388.0,802.694,321077.6,200673.5,80269.4
2021-07-31,1386747.0,693.3735,277349.4,173343.375,69337.35
2021-08-01,1360326.0,680.163,272065.2,170040.75,68016.3
2021-08-02,1614661.0,807.3305,322932.2,201832.625,80733.05
2021-08-03,1928280.0,964.14,385656.0,241035.0,96414.0
2021-08-04,1804184.0,902.092,360836.8,225523.0,90209.2
2021-08-05,2028653.0,1014.3265,405730.6,253581.625,101432.65
2021-08-06,1511856.0,755.928,302371.2,188982.0,75592.8
2021-08-07,1390175.0,695.0875,278035.0,173771.875,69508.75
2021-08-08,1479638.0,739.819,295927.6,184954.75,73981.9
2021-08-09,1744410.0,872.205,348882.0,218051.25,87220.5
2021-08-10,2049496.0,1024.748,409899.2,256187.0,102474.8
2021-08-11,1737867.0,868.9335,347573.39999999997,217233.375,86893.34999999999
2021-08-12,2092499.0,1046.2495000000001,418499.80000000005,261562.37500000003,104624.95000000001
2021-08-13,1597498.0,798.749,319499.60000000003,199687.25,79874.90000000001
2021-08-14,1297188.0,648.594,259437.60000000003,162148.5,64859.40000000001
2021-08-15,1410365.0,705.1825,282073.0,176295.625,70518.25
2021-08-16,1757630.0,878.815,351526.0,219703.75,87881.5
2021-08-17,2007494.0,1003.7470000000001,401498.80000000005,250936.75000000003,100374.70000000001
2021-08-18,1882080.0,941.04,376416.0,235260.0,94104.0
2021-08-19,1866584.0,933.292,373316.8,233323.0,93329.2
2021-08-20,1881816.0,940.908,376363.2,235227.0,94090.8
2021-08-21,1326631.0,663.3155,265326.2,165828.875,66331.55
2021-08-22,1522303.0,761.1515,304460.60000000003,190287.875,76115.15000000001
2021-08-23,1473901.0,736.9505,294780.2,184237.625,73695.05
2021-08-24,2127362.0,1063.681,425472.4,265920.25,106368.1
2021-08-25,2047733.0,1023.8665,409546.6,255966.625,102386.65
2021-08-26,2057823.0,1028.9115,411564.6,257227.87499999997,102891.15
2021-08-27,1677471.0,838.7355,335494.2,209683.875,83873.55
2021-08-28,1530259.0,765.1295,306051.8,191282.375,76512.95
2021-08-29,1355213.0,677.6065,271042.6,169401.625,67760.65
2021-08-30,1935124.0,967.562,387024.8,241890.5,96756.2
2021-08-31,2082854.0,1041.4270000000001,416570.80000000005,260356.75000000003,104142.70000000001
2021-09-01,1993059.0,996.5295,398611.8,249132.375,99652.95
2021-09-02,2000583.0,1000.2915,400116.60000000003,250072.875,100029.15000000001
2021-09-03,1658916.0,829.458,331783.2,207364.5,82945.8
2021-09-04,1045719.0,522.8595,209143.80000000002,130714.875,52285.950000000004
2021-09-05,1417893.0,708.9465,283578.6,177236.625,70894.65
2021-09-06,1675925.0,837.9625,335185.0,209490.625,83796.25
2021-09-07,2126209.0,1063.1045,425241.8,265776.125,106310.45
2021-09-08,1757260.0,878.63,351452.0,219657.5,87863.0
2021-09-09,1800653.0,900.3265,360130.6,225081.625,90032.65
2021-09-10,1191950.0,595.975,238390.0,148993.75,59597.5
2021-09-11,1209421.0,604.7105,241884.2,151177.625,60471.05
2021-09-12,1497826.0,748.913,299565.2,187228.25,74891.3
2021-09-13,1656868.0,828.434,331373.6,207108.5,82843.4
2021-09-14,1491496.0,745.748,298299.2,186437.0,74574.8
2021-09-15,1850684.0,925.342,370136.8,231335.5,92534.2
2021-09-16,1926545.0,963.2725,385309.0,240818.125,96327.25
2021-09-17,1423894.0,711.947,284778.8,177986.75,71194.7
2021-09-18,1274459.0,637.2295,254891.80000000002,159307.375,63722.950000000004
2021-09-19,1110966.0,555.4830000000001,222193.2,138870.75000000003,55548.3
2021-09-20,1518252.0,759.126,303650.39999999997,189781.5,75912.59999999999
2021-09-21,1423194.0,711.597,284638.8,177899.25,71159.7
2021-09-22,1676781.0,838.3905,335356.2,209597.625,83839.05
2021-09-23,1478419.0,739.2095,295683.80000000005,184802.375,73920.95000000001
2021-09-24,1128999.0,564.4995,225799.80000000002,141124.875,56449.950000000004
2021-09-25,1105178.0,552.589,221035.60000000003,138147.25,55258.90000000001
2021-09-26,1153723.0,576.8615,230744.59999999998,144215.375,57686.149999999994
2021-09-27,1268158.0,634.0790000000001,253631.60000000003,158519.75000000003,63407.90000000001
2021-09-28,1396466.0,698.2330000000001,279293.2,174558.25000000003,69823.3
2021-09-29,1517709.0,758.8545,303541.8,189713.625,75885.45
2021-09-30,1319930.0,659.965,263986.0,164991.25,65996.5
2021-10-01,5068022.0,2534.011,1013604.4,633502.75,253401.1
2021-10-02,874155.0,437.0775,174831.0,109269.375,43707.75
2021-10-03,461515.0,230.7575,92303.0,57689.375,23075.75
2021-10-04,699088.0,349.544,139817.6,87386.0,34954.4
2021-10-05,763723.0,381.86150000000004,152744.6,95465.37500000001,38186.15
2021-10-06,1177537.0,588.7685,235507.4,147192.125,58876.85
2021-10-07,1477981.0,738.9905,295596.2,184747.625,73899.05
2021-10-08,1125501.0,562.7505,225100.19999999998,140687.625,56275.049999999996
2021-10-09,1052349.0,526.1745,210469.8,131543.625,52617.45
2021-10-10,681611.0,340.8055,136322.2,85201.375,34080.55
2021-10-11,568781.0,284.39050000000003,113756.20000000001,71097.62500000001,28439.050000000003
2021-10-12,1618682.0,809.341,323736.4,202335.25,80934.1
2021-10-13,1520953.0,760.4765,304190.6,190119.125,76047.65
2021-10-14,765958.0,382.979,153191.6,95744.75,38297.9
2021-10-15,1184966.0,592.4830000000001,236993.2,148120.75000000003,59248.3
2021-10-16,716867.0,358.4335,143373.4,89608.375,35843.35
2021-10-17,483725.0,241.8625,96745.0,60465.625,24186.25
2021-10-18,1007847.0,503.9235,201569.4,125980.875,50392.35
2021-10-19,1244189.0,622.0945,248837.80000000002,155523.625,62209.450000000004
2021-10-20,737955.0,368.9775,147591.0,92244.375,36897.75
2021-10-21,1354075.0,677.0375,270815.0,169259.375,67703.75
2021-10-22,1263335.0,631.6675,252667.0,157916.875,63166.75
2021-10-23,1196063.0,598.0315,239212.60000000003,149507.875,59803.15000000001
2021-10-24,960056.0,480.028,192011.2,120007.0,48002.8
2021-10-25,699787.0,349.8935,139957.4,87473.375,34989.35
2021-10-26,1252130.0,626.065,250426.00000000003,156516.25,62606.50000000001
2021-10-27,1350368.0,675.184,270073.6,168796.0,67518.4
2021-10-28,1450216.0,725.1080000000001,290043.2,181277.00000000003,72510.8
2021-10-29,1314989.0,657.4945,262997.8,164373.625,65749.45
2021-10-30,1280873.0,640.4365,256174.6,160109.125,64043.65
2021-10-31,1031639.0,515.8195000000001,206327.80000000002,128954.87500000001,51581.950000000004
2021-11-01,706781.0,353.39050000000003,141356.2,88347.62500000001,35339.05
2021-11-02,1315310.0,657.655,263062.0,164413.75,65765.5
2021-11-03,1354830.0,677.415,270966.0,169353.75,67741.5
2021-11-04,2312183.0,1156.0915,462436.6,289022.875,115609.15
2021-11-05,1042267.0,521.1335,208453.40000000002,130283.375,52113.350000000006
2021-11-06,596710.0,298.355,119342.0,74588.75,29835.5
2021-11-07,1163465.0,581.7325,232692.99999999997,145433.125,58173.24999999999
2021-11-08,1216513.0,608.2565,243302.59999999998,152064.125,60825.649999999994
2021-11-09,1549764.0,774.8820000000001,309952.80000000005,193720.50000000003,77488.20000000001
2021-11-10,1528421.0,764.2105,305684.2,191052.625,76421.05
2021-11-11,1655030.0,827.515,331006.0,206878.75,82751.5
2021-11-12,1804695.0,902.3475,360939.0,225586.875,90234.75
2021-11-13,744005.0,372.0025,148801.0,93000.625,37200.25
2021-11-14,759153.0,379.5765,151830.6,94894.125,37957.65
2021-11-15,1611042.0,805.5210000000001,322208.4,201380.25000000003,80552.1
2021-11-16,2092333.0,1046.1665,418466.60000000003,261541.625,104616.65000000001
2021-11-17,951726.0,475.863,190345.2,118965.75,47586.3
2021-11-18,1133413.0,566.7065,226682.6,141676.625,56670.65
2021-11-19,1238257.0,619.1285,247651.40000000002,154782.125,61912.850000000006
2021-11-20,1112447.0,556.2235000000001,222489.40000000002,139055.875,55622.350000000006
2021-11-21,1429113.0,714.5565,285822.60000000003,178639.125,71455.65000000001
2021-11-22,1522111.0,761.0555,304422.2,190263.875,76105.55
2021-11-23,2196845.0,1098.4225000000001,439369.00000000006,274605.62500000006,109842.25000000001
2021-11-24,2017664.0,1008.832,403532.8,252208.0,100883.2
2021-11-25,1576820.0,788.41,315364.0,197102.5,78841.0
2021-11-26,1842773.0,921.3865000000001,368554.60000000003,230346.62500000003,92138.65000000001
2021-11-27,1746691.0,873.3455,349338.2,218336.375,87334.55
2021-11-28,1354066.0,677.033,270813.2,169258.25,67703.3
2021-11-29,1614114.0,807.057,322822.8,201764.25,80705.7
2021-11-30,2184421.0,1092.2105,436884.19999999995,273052.625,109221.04999999999
2021-12-01,2197339.0,1098.6695,439467.8,274667.375,109866.95
2021-12-02,2320480.0,1160.24,464096.0,290060.0,116024.0
2021-12-03,1827298.0,913.649,365459.6,228412.25,91364.9
2021-12-04,1943173.0,971.5865,388634.6,242896.625,97158.65
2021-12-05,1636271.0,818.1355,327254.2,204533.875,81813.55
2021-12-06,1748706.0,874.3530000000001,349741.2,218588.25000000003,87435.3
2021-12-07,2028003.0,1014.0015,405600.6,253500.375,101400.15
2021-12-08,2275993.0,1137.9965,455198.6,284499.125,113799.65
2021-12-09,2278905.0,1139.4525,455781.00000000006,284863.125,113945.25000000001
2021-12-10,2091868.0,1045.934,418373.6,261483.5,104593.4
2021-12-11,1754855.0,877.4275,350971.0,219356.875,87742.75
2021-12-12,1399238.0,699.619,279847.60000000003,174904.75,69961.90000000001
2021-12-13,1105282.0,552.641,221056.4,138160.25,55264.1
2021-12-14,2692361.0,1346.1805,538472.2,336545.125,134618.05
2021-12-15,2851900.0,1425.95,570380.0,356487.5,142595.0
2021-12-16,1409423.0,704.7115,281884.6,176177.875,70471.15
2021-12-17,2003435.0,1001.7175,400687.0,250429.375,100171.75
2021-12-18,990251.0,495.1255,198050.19999999998,123781.375,49512.549999999996
2021-12-19,1949282.0,974.6410000000001,389856.4,243660.25000000003,97464.1
2021-12-20,1342407.0,671.2035,268481.39999999997,167800.875,67120.34999999999
2021-12-21,2183748.0,1091.874,436749.60000000003,272968.5,109187.40000000001
2021-12-22,1598421.0,799.2105,319684.2,199802.625,79921.05
2021-12-23,4278384.0,2139.192,855676.8,534798.0,213919.2
2021-12-24,2405909.0,1202.9545,481181.80000000005,300738.625,120295.45000000001
2021-12-25,2567517.0,1283.7585000000001,513503.4000000001,320939.62500000006,128375.85000000002
2021-12-26,2088589.0,1044.2945,417717.8,261073.625,104429.45
2021-12-27,2306661.0,1153.3305,461332.2,288332.625,115333.05
2021-12-28,4840364.0,2420.1820000000002,968072.8,605045.5000000001,242018.2
2021-12-29,5602852.0,2801.426,1120570.4,700356.5,280142.6
2021-12-30,3078129.0,1539.0645,615625.7999999999,384766.125,153906.44999999998
2021-12-31,3606860.0,1803.43,721372.0,450857.5,180343.0
2022-01-01,1967041.0,983.5205,393408.2,245880.125,98352.05
2022-01-02,5293468.0,2646.734,1058693.5999999999,661683.5,264673.39999999997
2022-01-03,5705857.0,2852.9285,1141171.4,713232.125,285292.85
2022-01-04,6589174.0,3294.587,1317834.8,823646.75,329458.7
2022-01-05,8320632.0,4160.316,1664126.4,1040079.0,416031.6
2022-01-06,8270116.0,4135.058,1654023.2,1033764.5,413505.8
2022-01-07,7485458.0,3742.7290000000003,1497091.6,935682.2500000001,374272.9
2022-01-08,7384582.0,3692.291,1476916.4000000001,923072.75,369229.10000000003
2022-01-09,9481275.0,4740.6375,1896255.0,1185159.375,474063.75
2022-01-10,5252965.0,2626.4825,1050593.0,656620.625,262648.25
2022-01-11,11444672.0,5722.336,2288934.4,1430584.0,572233.6
2022-01-12,10624957.0,5312.4785,2124991.4,1328119.625,531247.85
2022-01-13,8534970.0,4267.485,1706993.9999999998,1066871.25,426748.49999999994
2022-01-14,3991287.0,1995.6435000000001,798257.4,498910.87500000006,199564.35
2022-01-15,6589923.0,3294.9615,1317984.5999999999,823740.375,329496.14999999997
2022-01-16,4158542.0,2079.271,831708.4,519817.75000000006,207927.1
2022-01-17,9252033.0,4626.0165,1850406.5999999999,1156504.125,462601.64999999997
2022-01-18,11017657.0,5508.8285000000005,2203531.4000000004,1377207.1250000002,550882.8500000001
2022-01-19,10788100.0,5394.05,2157620.0,1348512.5,539405.0
2022-01-20,19187923.0,9593.9615,3837584.5999999996,2398490.375,959396.1499999999
2022-01-21,7297245.0,3648.6225,1459449.0,912155.625,364862.25
2022-01-22,6171119.0,3085.5595,1234223.8,771389.875,308555.95
2022-01-23,4682698.0,2341.349,936539.6000000001,585337.25,234134.90000000002
2022-01-24,9249361.0,4624.6805,1849872.2000000002,1156170.125,462468.05000000005
2022-01-25,6667134.0,3333.567,1333426.8,833391.75,333356.7
2022-01-26,11067084.0,5533.542,2213416.8000000003,1383385.5,553354.2000000001
2022-01-27,5745859.0,2872.9295,1149171.8,718232.375,287292.95
2022-01-28,10806420.0,5403.21,2161284.0,1350802.5,540321.0
2022-01-29,10031381.0,5015.6905,2006276.2,1253922.625,501569.05
2022-01-30,5311060.0,2655.53,1062212.0,663882.5,265553.0
2022-01-31,6965189.0,3482.5945,1393037.8,870648.625,348259.45
2022-02-01,5261732.0,2630.866,1052346.4,657716.5,263086.6
2022-02-02,9789840.0,4894.92,1957968.0,1223730.0,489492.0
2022-02-03,15088741.0,7544.3705,3017748.2,1886092.625,754437.05
2022-02-04,6601872.0,3300.936,1320374.4000000001,825234.0,330093.60000000003
2022-02-05,5431387.0,2715.6935,1086277.4,678923.375,271569.35
2022-02-06,3504679.0,1752.3395,700935.8,438084.875,175233.95
2022-02-07,7039449.0,3519.7245000000003,1407889.8,879931.1250000001,351972.45
2022-02-08,9421684.0,4710.842,1884336.7999999998,1177710.5,471084.19999999995
2022-02-09,5604851.0,2802.4255000000003,1120970.2000000002,700606.3750000001,280242.55000000005
2022-02-10,3620800.0,1810.4,724160.0,452600.0,181040.0
2022-02-11,7355625.0,3677.8125,1471125.0,919453.125,367781.25
2022-02-12,6236016.0,3118.0080000000003,1247203.2000000002,779502.0000000001,311800.80000000005
2022-02-13,4690436.0,2345.218,938087.2,586304.5,234521.8
2022-02-14,4998049.0,2499.0245,999609.8,624756.125,249902.45
2022-02-15,5510393.0,2755.1965,1102078.6,688799.125,275519.65
2022-02-16,9708044.0,4854.022,1941608.8,1213505.5,485402.2
2022-02-17,4878700.0,2439.35,975740.0,609837.5,243935.0
2022-02-18,2529168.0,1264.584,505833.60000000003,316146.0,126458.40000000001
2022-02-19,4051661.0,2025.8305,810332.2,506457.625,202583.05
2022-02-20,10977202.0,5488.601000000001,2195440.4000000004,1372150.2500000002,548860.1000000001
2022-02-21,4124134.0,2062.067,824826.8,515516.75,206206.7
2022-02-22,2585327.0,1292.6635,517065.4,323165.875,129266.35
2022-02-23,5535759.0,2767.8795,1107151.8,691969.875,276787.95
2022-02-24,5577994.0,2788.997,1115598.8,697249.25,278899.7
2022-02-25,4657829.0,2328.9145,931565.7999999999,582228.625,232891.44999999998
2022-02-26,5737656.0,2868.828,1147531.2,717207.0,286882.8
2022-02-27,2998115.0,1499.0575000000001,599623.0,374764.37500000006,149905.75
2022-02-28,1580008.0,790.004,316001.60000000003,197501.0,79000.40000000001
2022-03-01,3819030.0,1909.515,763806.0,477378.75,190951.5
2022-03-02,5224776.0,2612.388,1044955.2,653097.0,261238.8
2022-03-03,3840514.0,1920.257,768102.8,480064.25,192025.7
2022-03-04,2391371.0,1195.6855,478274.2,298921.375,119568.55
2022-03-05,9254267.0,4627.1335,1850853.4,1156783.375,462713.35
2022-03-06,2475365.0,1237.6825000000001,495073.00000000006,309420.62500000006,123768.25000000001
2022-03-07,1954380.0,977.19,390876.0,244297.5,97719.0
2022-03-08,4871018.0,2435.509,974203.6,608877.25,243550.9
2022-03-09,2766886.0,1383.443,553377.2,345860.75,138344.3
2022-03-10,2697334.0,1348.667,539466.7999999999,337166.75,134866.69999999998
2022-03-11,5389304.0,2694.652,1077860.8,673663.0,269465.2
2022-03-12,7341713.0,3670.8565,1468342.5999999999,917714.125,367085.64999999997
2022-03-13,3691525.0,1845.7625,738305.0,461440.625,184576.25
2022-03-14,3621998.0,1810.999,724399.6,452749.75,181099.9
2022-03-15,2337632.0,1168.816,467526.4,292204.0,116881.6
2022-03-16,5488965.0,2744.4825,1097793.0,686120.625,274448.25
2022-03-17,7123949.0,3561.9745000000003,1424789.8,890493.6250000001,356197.45
2022-03-18,5697329.0,2848.6645,1139465.8,712166.125,284866.45
2022-03-19,5064156.0,2532.078,1012831.2,633019.5,253207.8
2022-03-20,4476606.0,2238.303,895321.2,559575.75,223830.3
2022-03-21,4000122.0,2000.0610000000001,800024.4,500015.25000000006,200006.1
2022-03-22,4708515.0,2354.2575,941703.0000000001,588564.375,235425.75000000003
2022-03-23,2732694.0,1366.347,546538.8,341586.75,136634.7
2022-03-24,5175637.0,2587.8185,1035127.3999999999,646954.625,258781.84999999998
2022-03-25,4839019.0,2419.5095,967803.8,604877.375,241950.95
2022-03-26,1915514.0,957.7570000000001,383102.80000000005,239439.25000000003,95775.70000000001
2022-03-27,2780497.0,1390.2485,556099.4,347562.125,139024.85
2022-03-28,2254340.0,1127.17,450868.0,281792.5,112717.0
2022-03-29,5116859.0,2558.4295,1023371.8,639607.375,255842.95
2022-03-30,7457100.0,3728.55,1491420.0,932137.5,372855.0
2022-03-31,7422488.0,3711.244,1484497.6,927811.0,371124.4
2022-04-01,3757477.0,1878.7385,751495.4,469684.625,187873.85
2022-04-02,3278369.0,1639.1845,655673.8,409796.125,163918.45
2022-04-03,2378281.0,1189.1405,475656.2,297285.125,118914.05
2022-04-04,4242023.0,2121.0115,848404.6,530252.875,212101.15
2022-04-05,3813480.0,1906.74,762696.0,476685.0,190674.0
2022-04-06,4301156.0,2150.578,860231.2,537644.5,215057.8
2022-04-07,3611129.0,1805.5645,722225.7999999999,451391.125,180556.44999999998
2022-04-08,2454117.0,1227.0585,490823.4,306764.625,122705.85
2022-04-09,1135840.0,567.92,227167.99999999997,141980.0,56791.99999999999
2022-04-10,2215351.0,1107.6755,443070.2,276918.875,110767.55
2022-04-11,2417579.0,1208.7895,483515.80000000005,302197.375,120878.95000000001
2022-04-12,4698172.0,2349.0860000000002,939634.4000000001,587271.5000000001,234908.60000000003
2022-04-13,3056426.0,1528.213,611285.2,382053.25,152821.3
2022-04-14,2312784.0,1156.392,462556.80000000005,289098.0,115639.20000000001
2022-04-15,949383.0,474.6915,189876.6,118672.875,47469.15
2022-04-16,1729357.0,864.6785,345871.4,216169.625,86467.85
2022-04-17,1557480.0,778.74,311496.0,194685.0,77874.0
2022-04-18,848876.0,424.438,169775.19999999998,106109.5,42443.799999999996
2022-04-19,2059101.0,1029.5505,411820.2,257387.625,102955.05
2022-04-20,1359599.0,679.7995,271919.8,169949.875,67979.95
2022-04-21,3155087.0,1577.5435,631017.4,394385.875,157754.35
2022-04-22,1349389.0,674.6945000000001,269877.80000000005,168673.62500000003,67469.45000000001
2022-04-23,777537.0,388.7685,155507.4,97192.125,38876.85
2022-04-24,1361177.0,680.5885000000001,272235.4,170147.12500000003,68058.85
2022-04-25,1062200.0,531.1,212440.0,132775.0,53110.0
2022-04-26,3368651.0,1684.3255000000001,673730.2000000001,421081.37500000006,168432.55000000002
2022-04-27,2289163.0,1144.5815,457832.6,286145.375,114458.15
2022-04-28,1117792.0,558.896,223558.4,139724.0,55889.6
2022-04-29,1584681.0,792.3405,316936.2,198085.125,79234.05
2022-04-30,643860.0,321.93,128772.0,80482.5,32193.0
2022-05-01,1233081.0,616.5405000000001,246616.2,154135.12500000003,61654.05
2022-05-02,1731138.0,865.5690000000001,346227.60000000003,216392.25000000003,86556.90000000001
2022-05-03,952268.0,476.134,190453.6,119033.5,47613.4
2022-05-04,1998120.0,999.0600000000001,399624.0,249765.00000000003,99906.0
2022-05-05,1892695.0,946.3475,378539.0,236586.875,94634.75
2022-05-06,901122.0,450.56100000000004,180224.40000000002,112640.25000000001,45056.100000000006
2022-05-07,1618305.0,809.1525,323661.0,202288.125,80915.25
2022-05-08,892099.0,446.0495,178419.80000000002,111512.375,44604.950000000004
2022-05-09,1152084.0,576.042,230416.80000000002,144010.5,57604.200000000004
2022-05-10,1492403.0,746.2015,298480.6,186550.375,74620.15
2022-05-11,3025177.0,1512.5885,605035.4,378147.125,151258.85
2022-05-12,2143588.0,1071.794,428717.60000000003,267948.5,107179.40000000001
2022-05-13,1918461.0,959.2305,383692.2,239807.625,95923.05
2022-05-14,1369535.0,684.7675,273907.0,171191.875,68476.75
2022-05-15,605457.0,302.7285,121091.4,75682.125,30272.85
2022-05-16,1482623.0,741.3115,296524.60000000003,185327.875,74131.15000000001
2022-05-17,1905589.0,952.7945,381117.8,238198.625,95279.45
2022-05-18,2071843.0,1035.9215,414368.6,258980.37499999997,103592.15
2022-05-19,2026770.0,1013.385,405354.0,253346.25,101338.5
2022-05-20,1924539.0,962.2695,384907.8,240567.375,96226.95
2022-05-21,2207423.0,1103.7115000000001,441484.60000000003,275927.875,110371.15000000001
2022-05-22,1047517.0,523.7585,209503.40000000002,130939.625,52375.850000000006
2022-05-23,2098982.0,1049.491,419796.4,262372.75,104949.1
2022-05-24,1815518.0,907.759,363103.6,226939.75,90775.9
2022-05-25,1042057.0,521.0285,208411.4,130257.125,52102.85
2022-05-26,1460894.0,730.447,292178.8,182611.75,73044.7
2022-05-27,1744688.0,872.344,348937.60000000003,218086.0,87234.40000000001
2022-05-28,874668.0,437.334,174933.6,109333.5,43733.4
2022-05-29,555224.0,277.612,111044.8,69403.0,27761.2
2022-05-30,1388790.0,694.395,277758.0,173598.75,69439.5
2022-05-31,831377.0,415.68850000000003,166275.40000000002,103922.12500000001,41568.850000000006
2022-06-01,1216887.0,608.4435,243377.4,152110.875,60844.35
2022-06-02,727842.0,363.921,145568.4,90980.25,36392.1
2022-06-03,1410368.0,705.184,282073.6,176296.0,70518.4
2022-06-04,1550735.0,775.3675000000001,310147.0,193841.87500000003,77536.75
2022-06-05,527769.0,263.8845,105553.8,65971.125,26388.45
2022-06-06,1233336.0,616.668,246667.2,154167.0,61666.8
2022-06-07,1377805.0,688.9025,275561.0,172225.625,68890.25
2022-06-08,997550.0,498.77500000000003,199510.0,124693.75000000001,49877.5
2022-06-09,1878003.0,939.0015,375600.6,234750.375,93900.15
2022-06-10,1753795.0,876.8975,350759.0,219224.375,87689.75
2022-06-11,1398861.0,699.4305,279772.2,174857.625,69943.05
2022-06-12,646011.0,323.0055,129202.2,80751.375,32300.55
2022-06-13,1502550.0,751.275,300510.0,187818.75,75127.5
2022-06-14,1035250.0,517.625,207050.0,129406.25,51762.5
2022-06-15,2018847.0,1009.4235,403769.4,252355.875,100942.35
2022-06-16,2184241.0,1092.1205,436848.2,273030.125,109212.05
2022-06-17,1864775.0,932.3875,372955.0,233096.875,93238.75
2022-06-18,653313.0,326.6565,130662.59999999999,81664.125,32665.649999999998
2022-06-19,1310272.0,655.136,262054.4,163784.0,65513.6
2022-06-20,1390836.0,695.418,278167.2,173854.5,69541.8
2022-06-21,1130822.0,565.4110000000001,226164.40000000002,141352.75,56541.100000000006
2022-06-22,2438710.0,1219.355,487742.0,304838.75,121935.5
2022-06-23,1200256.0,600.128,240051.2,150032.0,60012.8
2022-06-24,2444394.0,1222.1970000000001,488878.80000000005,305549.25,122219.70000000001
2022-06-25,833848.0,416.92400000000004,166769.6,104231.00000000001,41692.4
2022-06-26,2034720.0,1017.36,406944.0,254340.0,101736.0
2022-06-27,1846161.0,923.0805,369232.2,230770.125,92308.05
2022-06-28,1273837.0,636.9185,254767.4,159229.625,63691.85
2022-06-29,2400595.0,1200.2975000000001,480119.00000000006,300074.37500000006,120029.75000000001
2022-06-30,1443917.0,721.9585000000001,288783.4,180489.62500000003,72195.85
2022-07-01,3154276.0,1577.138,630855.2,394284.5,157713.8
2022-07-02,3398916.0,1699.458,679783.2000000001,424864.5,169945.80000000002
2022-07-03,958361.0,479.1805,191672.2,119795.125,47918.05
2022-07-04,2059319.0,1029.6595,411863.8,257414.875,102965.95
2022-07-05,2404068.0,1202.034,480813.60000000003,300508.5,120203.40000000001
2022-07-06,1675762.0,837.881,335152.39999999997,209470.25,83788.09999999999
2022-07-07,3655295.0,1827.6475,731059.0,456911.875,182764.75
2022-07-08,4673289.0,2336.6445,934657.7999999999,584161.125,233664.44999999998
2022-07-09,2689559.0,1344.7795,537911.8,336194.875,134477.95
2022-07-10,1162201.0,581.1005,232440.2,145275.125,58110.05
2022-07-11,2792929.0,1396.4645,558585.8,349116.125,139646.45
2022-07-12,1482893.0,741.4465,296578.6,185361.625,74144.65
2022-07-13,4051059.0,2025.5295,810211.8,506382.375,202552.95
2022-07-14,5373902.0,2686.951,1074780.4,671737.75,268695.1
2022-07-15,1460859.0,730.4295,292171.8,182607.375,73042.95
2022-07-16,2434933.0,1217.4665,486986.6,304366.625,121746.65
2022-07-17,1106423.0,553.2115,221284.6,138302.875,55321.15
2022-07-18,2608015.0,1304.0075,521603.0,326001.875,130400.75
2022-07-19,4272859.0,2136.4295,854571.8,534107.375,213642.95
2022-07-20,4238357.0,2119.1785,847671.4,529794.625,211917.85
2022-07-21,3389016.0,1694.508,677803.2000000001,423627.0,169450.80000000002
2022-07-22,1514562.0,757.2810000000001,302912.4,189320.25000000003,75728.1
2022-07-23,3009805.0,1504.9025,601961.0,376225.625,150490.25
2022-07-24,4321062.0,2160.531,864212.4,540132.75,216053.1
2022-07-25,2353250.0,1176.625,470650.0,294156.25,117662.5
2022-07-26,2930878.0,1465.439,586175.6,366359.75,146543.9
2022-07-27,1732231.0,866.1155,346446.2,216528.875,86611.55
2022-07-28,2893998.0,1446.999,578799.6,361749.75,144699.9
2022-07-29,2896092.0,1448.046,579218.4,362011.5,144804.6
2022-07-30,2503732.0,1251.866,500746.4,312966.5,125186.6
2022-07-31,854344.0,427.172,170868.80000000002,106793.0,42717.200000000004
2022-08-01,2419673.0,1209.8365000000001,483934.60000000003,302459.125,120983.65000000001
2022-08-02,2253572.0,1126.786,450714.4,281696.5,112678.6
2022-08-03,3445915.0,1722.9575,689183.0,430739.375,172295.75
2022-08-04,2945062.0,1472.531,589012.4,368132.75,147253.1
2022-08-05,2813187.0,1406.5935,562637.4,351648.375,140659.35
2022-08-06,901135.0,450.5675,180227.0,112641.875,45056.75
2022-08-07,2236539.0,1118.2695,447307.80000000005,279567.375,111826.95000000001
2022-08-08,3289138.0,1644.569,657827.6,411142.25,164456.9
2022-08-09,1926846.0,963.423,385369.2,240855.75,96342.3
2022-08-10,1350798.0,675.399,270159.6,168849.75,67539.9
2022-08-11,970468.0,485.23400000000004,194093.6,121308.50000000001,48523.4
2022-08-12,1044050.0,522.025,208810.0,130506.25,52202.5
2022-08-13,735702.0,367.851,147140.4,91962.75,36785.1
2022-08-14,2074052.0,1037.026,414810.4,259256.50000000003,103702.6
2022-08-15,1451201.0,725.6005,290240.2,181400.125,72560.05
2022-08-16,1717103.0,858.5515,343420.60000000003,214637.875,85855.15000000001
2022-08-17,1145147.0,572.5735,229029.4,143143.375,57257.35
2022-08-18,2938582.0,1469.291,587716.4,367322.75,146929.1
2022-08-19,867327.0,433.6635,173465.4,108415.875,43366.35
2022-08-20,1735990.0,867.995,347198.0,216998.75,86799.5
2022-08-21,1401893.0,700.9465,280378.6,175236.625,70094.65
2022-08-22,968582.0,484.291,193716.4,121072.75,48429.1
2022-08-23,2176792.0,1088.396,435358.39999999997,272099.0,108839.59999999999
2022-08-24,1756104.0,878.052,351220.8,219513.0,87805.2
2022-08-25,838986.0,419.493,167797.2,104873.25,41949.3
2022-08-26,3252136.0,1626.068,650427.2,406517.0,162606.8
2022-08-27,1621343.0,810.6715,324268.60000000003,202667.875,81067.15000000001
2022-08-28,701257.0,350.62850000000003,140251.40000000002,87657.12500000001,35062.850000000006
2022-08-29,1324542.0,662.271,264908.39999999997,165567.75,66227.09999999999
2022-08-30,917686.0,458.843,183537.2,114710.75,45884.3
2022-08-31,791453.0,395.7265,158290.6,98931.625,39572.65
2022-09-01,2140864.0,1070.432,428172.8,267608.0,107043.2
2022-09-02,2655689.0,1327.8445,531137.7999999999,331961.125,132784.44999999998
2022-09-03,637681.0,318.8405,127536.20000000001,79710.125,31884.050000000003
2022-09-04,593473.0,296.7365,118694.59999999999,74184.125,29673.649999999998
2022-09-05,713720.0,356.86,142744.0,89215.0,35686.0
2022-09-06,1764276.0,882.138,352855.2,220534.5,88213.8
2022-09-07,837922.0,418.961,167584.4,104740.25,41896.1
2022-09-08,1354433.0,677.2165,270886.6,169304.125,67721.65
2022-09-09,2186675.0,1093.3375,437335.00000000006,273334.375,109333.75000000001
2022-09-10,1135082.0,567.541,227016.40000000002,141885.25,56754.100000000006
2022-09-11,507267.0,253.6335,101453.4,63408.375,25363.35
2022-09-12,700667.0,350.3335,140133.4,87583.375,35033.35
2022-09-13,1174548.0,587.274,234909.6,146818.5,58727.4
2022-09-14,790761.0,395.3805,158152.19999999998,98845.125,39538.049999999996
2022-09-15,1509100.0,754.5500000000001,301820.0,188637.50000000003,75455.0
2022-09-16,553137.0,276.56850000000003,110627.40000000001,69142.125,27656.850000000002
2022-09-17,1066260.0,533.13,213252.0,133282.5,53313.0
2022-09-18,498657.0,249.3285,99731.4,62332.125,24932.85
2022-09-19,1510705.0,755.3525,302141.0,188838.125,75535.25
2022-09-20,1451507.0,725.7535,290301.4,181438.375,72575.35
2022-09-21,769721.0,384.8605,153944.2,96215.125,38486.05
2022-09-22,1181114.0,590.557,236222.80000000002,147639.25,59055.700000000004
2022-09-23,579441.0,289.7205,115888.20000000001,72430.125,28972.050000000003
2022-09-24,1079079.0,539.5395,215815.8,134884.875,53953.95
2022-09-25,814201.0,407.1005,162840.2,101775.125,40710.05
2022-09-26,1438334.0,719.167,287666.8,179791.75,71916.7
2022-09-27,794746.0,397.373,158949.19999999998,99343.25,39737.299999999996
2022-09-28,1141275.0,570.6375,228255.00000000003,142659.375,57063.75000000001
2022-09-29,720920.0,360.46,144184.0,90115.0,36046.0
2022-09-30,2424210.0,1212.105,484842.0,303026.25,121210.5
2022-10-01,829902.0,414.951,165980.40000000002,103737.75,41495.100000000006
2022-10-02,391781.0,195.8905,78356.2,48972.625,19589.05
2022-10-03,1285741.0,642.8705,257148.2,160717.625,64287.05
2022-10-04,1138167.0,569.0835,227633.4,142270.875,56908.35
2022-10-05,950834.0,475.41700000000003,190166.80000000002,118854.25000000001,47541.700000000004
2022-10-06,3207188.0,1603.594,641437.6,400898.5,160359.4
2022-10-07,1104075.0,552.0375,220815.0,138009.375,55203.75
2022-10-08,544700.0,272.35,108940.00000000001,68087.5,27235.000000000004
2022-10-09,808074.0,404.03700000000003,161614.80000000002,101009.25000000001,40403.700000000004
2022-10-10,517783.0,258.8915,103556.6,64722.875,25889.15
2022-10-11,840381.0,420.1905,168076.19999999998,105047.625,42019.049999999996
2022-10-12,893813.0,446.9065,178762.6,111726.625,44690.65
2022-10-13,1822341.0,911.1705000000001,364468.2,227792.62500000003,91117.05
2022-10-14,1708895.0,854.4475,341779.0,213611.875,85444.75
2022-10-15,475203.0,237.60150000000002,95040.6,59400.37500000001,23760.15
2022-10-16,1640702.0,820.351,328140.4,205087.75,82035.1
2022-10-17,907950.0,453.975,181590.0,113493.75,45397.5
2022-10-18,796866.0,398.433,159373.2,99608.25,39843.3
2022-10-19,849983.0,424.99150000000003,169996.6,106247.87500000001,42499.15
2022-10-20,2130711.0,1065.3555000000001,426142.20000000007,266338.87500000006,106535.55000000002
2022-10-21,2332488.0,1166.244,466497.6,291561.0,116624.4
2022-10-22,502719.0,251.3595,100543.8,62839.875,25135.95
2022-10-23,453113.0,226.5565,90622.6,56639.125,22655.65
2022-10-24,723815.0,361.9075,144763.0,90476.875,36190.75
2022-10-25,1377110.0,688.5550000000001,275422.0,172138.75000000003,68855.5
2022-10-26,2309009.0,1154.5045,461801.8,288626.125,115450.45
2022-10-27,1056978.0,528.489,211395.6,132122.25,52848.9
2022-10-28,478842.0,239.421,95768.4,59855.25,23942.1
2022-10-29,936414.0,468.207,187282.8,117051.75,46820.7
2022-10-30,816640.0,408.32,163328.0,102080.0,40832.0
2022-10-31,875846.0,437.923,175169.2,109480.75,43792.3
2022-11-01,973843.0,486.92150000000004,194768.6,121730.37500000001,48692.15
2022-11-02,500319.0,250.1595,100063.8,62539.875,25015.95
2022-11-03,1102876.0,551.438,220575.19999999998,137859.5,55143.799999999996
2022-11-04,445174.0,222.58700000000002,89034.8,55646.75000000001,22258.7
2022-11-05,435475.0,217.7375,87095.0,54434.375,21773.75
2022-11-06,382388.0,191.19400000000002,76477.6,47798.50000000001,19119.4
2022-11-07,368692.0,184.346,73738.4,46086.5,18434.6
2022-11-08,1690554.0,845.277,338110.80000000005,211319.25,84527.70000000001
2022-11-09,1335045.0,667.5225,267009.0,166880.625,66752.25
2022-11-10,1153129.0,576.5645000000001,230625.80000000002,144141.12500000003,57656.450000000004
2022-11-11,887476.0,443.738,177495.2,110934.5,44373.8
2022-11-12,355238.0,177.619,71047.6,44404.75,17761.9
2022-11-13,876123.0,438.0615,175224.6,109515.375,43806.15
2022-11-14,830818.0,415.409,166163.6,103852.25,41540.9
2022-11-15,412924.0,206.46200000000002,82584.8,51615.50000000001,20646.2
2022-11-16,1870610.0,935.3050000000001,374122.0,233826.25000000003,93530.5
2022-11-17,1546735.0,773.3675000000001,309347.0,193341.87500000003,77336.75
2022-11-18,1163985.0,581.9925000000001,232797.00000000003,145498.12500000003,58199.25000000001
2022-11-19,402626.0,201.31300000000002,80525.20000000001,50328.25000000001,20131.300000000003
2022-11-20,870624.0,435.312,174124.80000000002,108828.0,43531.200000000004
2022-11-21,481676.0,240.838,96335.2,60209.5,24083.8
2022-11-22,1401528.0,700.764,280305.6,175191.0,70076.4
2022-11-23,577136.0,288.568,115427.2,72142.0,28856.8
2022-11-24,1658756.0,829.378,331751.2,207344.5,82937.8
2022-11-25,484104.0,242.052,96820.8,60513.0,24205.2
2022-11-26,847621.0,423.8105,169524.19999999998,105952.625,42381.049999999996
2022-11-27,779606.0,389.803,155921.2,97450.75,38980.3
2022-11-28,1569583.0,784.7915,313916.60000000003,196197.875,78479.15000000001
2022-11-29,1058420.0,529.21,211684.0,132302.5,52921.0
2022-11-30,1720046.0,860.023,344009.2,215005.75,86002.3
2022-12-01,697369.0,348.6845,139473.80000000002,87171.125,34868.450000000004
2022-12-02,1929267.0,964.6335,385853.4,241158.375,96463.35
2022-12-03,937255.0,468.6275,187451.0,117156.875,46862.75
2022-12-04,397840.0,198.92000000000002,79568.0,49730.00000000001,19892.0
2022-12-05,1507097.0,753.5485,301419.4,188387.125,75354.85
2022-12-06,570535.0,285.2675,114107.0,71316.875,28526.75
2022-12-07,1486993.0,743.4965,297398.6,185874.125,74349.65
2022-12-08,1169104.0,584.552,233820.80000000002,146138.0,58455.200000000004
2022-12-09,738138.0,369.069,147627.6,92267.25,36906.9
2022-12-10,1669212.0,834.606,333842.4,208651.5,83460.6
2022-12-11,1034725.0,517.3625,206944.99999999997,129340.62499999999,51736.24999999999
2022-12-12,460769.0,230.3845,92153.8,57596.125,23038.45
2022-12-13,2237093.0,1118.5465,447418.6,279636.625,111854.65
2022-12-14,757823.0,378.9115,151564.6,94727.875,37891.15
2022-12-15,2081990.0,1040.9950000000001,416398.00000000006,260248.75000000003,104099.50000000001
2022-12-16,713947.0,356.9735,142789.4,89243.375,35697.35
2022-12-17,982143.0,491.0715,196428.6,122767.875,49107.15
2022-12-18,456577.0,228.2885,91315.4,57072.125,22828.85
2022-12-19,945005.0,472.5025,189001.0,118125.625,47250.25
2022-12-20,1769629.0,884.8145000000001,353925.80000000005,221203.62500000003,88481.45000000001
2022-12-21,893510.0,446.755,178702.0,111688.75,44675.5
2022-12-22,1954808.0,977.404,390961.6,244351.0,97740.4
2022-12-23,823278.0,411.639,164655.6,102909.75,41163.9
2022-12-24,1254184.0,627.092,250836.8,156773.0,62709.2
2022-12-25,488438.0,244.219,97687.59999999999,61054.75,24421.899999999998
2022-12-26,1015885.0,507.9425,203177.0,126985.625,50794.25
2022-12-27,631533.0,315.7665,126306.6,78941.625,31576.65
2022-12-28,1782409.0,891.2045,356481.80000000005,222801.125,89120.45000000001
2022-12-29,737210.0,368.605,147442.0,92151.25,36860.5
2022-12-30,1529525.0,764.7625,305905.0,191190.625,76476.25
2022-12-31,1105921.0,552.9605,221184.2,138240.125,55296.05
2023-01-01,430722.0,215.36100000000002,86144.40000000001,53840.25000000001,21536.100000000002
2023-01-02,929788.0,464.894,185957.6,116223.5,46489.4
2023-01-03,469934.0,234.967,93986.8,58741.75,23496.7
2023-01-04,1639211.0,819.6055,327842.2,204901.375,81960.55
2023-01-05,756262.0,378.13100000000003,151252.40000000002,94532.75,37813.100000000006
2023-01-06,1531696.0,765.8480000000001,306339.2,191462.00000000003,76584.8
2023-01-07,756133.0,378.0665,151226.6,94516.625,37806.65
2023-01-08,2156968.0,1078.484,431393.6,269621.0,107848.4
2023-01-09,258665.0,129.3325,51733.00000000001,32333.125000000004,12933.250000000002
2023-01-10,16456507.0,8228.2535,3291301.4000000004,2057063.3750000002,822825.3500000001
2023-01-11,971642.0,485.821,194328.40000000002,121455.25,48582.100000000006
2023-01-12,1169794.0,584.897,233958.80000000002,146224.25,58489.700000000004
2023-01-13,426674.0,213.33700000000002,85334.8,53334.25000000001,21333.7
2023-01-14,1091352.0,545.676,218270.40000000002,136419.0,54567.600000000006
2023-01-15,383976.0,191.988,76795.2,47997.0,19198.8
2023-01-16,774564.0,387.282,154912.8,96820.5,38728.2
2023-01-17,374302.0,187.151,74860.40000000001,46787.75,18715.100000000002
2023-01-18,620768.0,310.384,124153.6,77596.0,31038.4
2023-01-19,838247.0,419.12350000000004,167649.40000000002,104780.87500000001,41912.350000000006
2023-01-20,329751.0,164.87550000000002,65950.20000000001,41218.87500000001,16487.550000000003
2023-01-21,851464.0,425.732,170292.80000000002,106433.0,42573.200000000004
2023-01-22,794607.0,397.3035,158921.4,99325.875,39730.35
2023-01-23,599965.0,299.9825,119993.0,74995.625,29998.25
2023-01-24,540165.0,270.0825,108033.0,67520.625,27008.25
2023-01-25,671213.0,335.6065,134242.6,83901.625,33560.65
2023-01-26,762843.0,381.4215,152568.6,95355.375,38142.15
2023-01-27,677700.0,338.85,135540.0,84712.5,33885.0
2023-01-28,194046.0,97.023,38809.2,24255.75,9702.3
2023-01-29,336294.0,168.147,67258.8,42036.75,16814.7
2023-01-30,484431.0,242.2155,96886.2,60553.875,24221.55
2023-01-31,505982.0,252.991,101196.40000000001,63247.75,25299.100000000002
2023-02-01,241503.0,120.75150000000001,48300.600000000006,30187.875,12075.150000000001
2023-02-02,603977.0,301.9885,120795.4,75497.125,30198.85
2023-02-03,170026.0,85.013,34005.200000000004,21253.25,8501.300000000001
2023-02-04,594267.0,297.1335,118853.40000000001,74283.375,29713.350000000002
2023-02-05,267977.0,133.98850000000002,53595.40000000001,33497.12500000001,13398.850000000002
2023-02-06,253458.0,126.729,50691.6,31682.25,12672.9
2023-02-07,379564.0,189.782,75912.8,47445.5,18978.2
2023-02-08,174996.0,87.498,34999.200000000004,21874.5,8749.800000000001
2023-02-09,234581.0,117.29050000000001,46916.200000000004,29322.625000000004,11729.050000000001
2023-02-10,157317.0,78.6585,31463.4,19664.625,7865.85
2023-02-11,122616.0,61.308,24523.2,15327.0,6130.8
2023-02-12,95775.0,47.8875,19155.0,11971.875,4788.75
2023-02-13,148772.0,74.386,29754.399999999998,18596.5,7438.599999999999
2023-02-14,488481.0,244.2405,97696.2,61060.125,24424.05
2023-02-15,474643.0,237.32150000000001,94928.6,59330.375,23732.15
2023-02-16,524686.0,262.343,104937.20000000001,65585.75,26234.300000000003
2023-02-17,162860.0,81.43,32572.000000000004,20357.5,8143.000000000001
2023-02-18,490059.0,245.0295,98011.8,61257.375,24502.95
2023-02-19,428418.0,214.209,85683.6,53552.25,21420.9
2023-02-20,257566.0,128.78300000000002,51513.200000000004,32195.750000000004,12878.300000000001
2023-02-21,487883.0,243.94150000000002,97576.6,60985.37500000001,24394.15
2023-02-22,149027.0,74.51350000000001,29805.4,18628.375000000004,7451.35
2023-02-23,534212.0,267.106,106842.4,66776.5,26710.6
2023-02-24,146417.0,73.2085,29283.4,18302.125,7320.85
2023-02-25,414444.0,207.222,82888.8,51805.5,20722.2
2023-02-26,117122.0,58.561,23424.4,14640.25,5856.1
2023-02-27,233648.0,116.824,46729.6,29206.0,11682.4
2023-02-28,140330.0,70.165,28066.000000000004,17541.25,7016.500000000001
2023-03-01,190599.0,95.29950000000001,38119.8,23824.875000000004,9529.95
2023-03-02,629219.0,314.6095,125843.80000000002,78652.375,31460.950000000004
2023-03-03,116269.0,58.1345,23253.800000000003,14533.625,5813.450000000001
2023-03-04,341327.0,170.6635,68265.4,42665.875,17066.35
2023-03-05,19069.0,9.5345,3813.7999999999997,2383.625,953.4499999999999
